Rank	ID	Name	Tab	Type	Deadline	Days_Left	Amount_EUR	Fit_1_5	Effort_Estimate	Next_Action	URL
1	F-0037	Beca Internacional de Intercambio Cientifico Profesional 2026 (Programa de Intercambio Profesional SEMEDLAB)	Fellowships	Lab visit / exchange grant	2026-09-30	2	hasta 1.000 de viaje (clase turista) mas 1.500 EUR/mes por un maximo de 3 meses; techo efectivo ~5.500 EUR	4	S	BLOQUEO RESUELTO, 48 HORAS. El alta en SEMEDLAB SI se puede hacer hoy: el formulario oficial no vive en semedlab.es (que responde 202 con captcha) sino en JotForm - https://form.jotform.com/SEMEDLABFORMULARIOS/formulario-alta-de-socios - y se envia entero online. Hoy, en este orden: 1) rellenar y enviar el formulario de alta, cuota de 60 EUR por ser residente en formacion (frente a 85+15), con mandato SEPA firmado adjunto; 2) escribir a secretaria@fundacionjlc.es preguntando expresamente si un alta formalizada el 28-09-2026 cuenta como 'socia de SEMEDLAB' a efectos de la convocatoria que cierra el 30-09, y pedir confirmacion por escrito; 3) en paralelo, cerrar la firma del jefe del laboratorio de Malaga y el formulario PEP de la IFCC, que son los documentos con tiempo de terceros. Si la secretaria no confirma la membresia antes del 30-09, NO se pierde la fila: se reprograma a la edicion 2027 (ver nueva fila de watchlist), y el alta hecha hoy deja resueltos de paso los requisitos de antiguedad de F-0044 y F-0045.	https://www.fundacionjlc.es/becapremio-convocado/beca-internacional-de-intercambio-cientifico-profesional-2026/
2	F-0019	FENS/IBRO-PERC Exchange Fellowships	Fellowships	Ayuda de estancia corta / intercambio de laboratorio	2026-10-15	17	hasta 4.000 (viaje en clase turista, transporte publico local y alojamiento; 60% antes de la estancia y 40% al entregar el informe)	4	S	1) Alta como socia de la SENC YA (SUB-0003): es la unica condicion de elegibilidad que falla y no tiene reloj de antiguedad para este programa. 2) needs host: elegir 2-3 grupos europeos de genetica psiquiatrica o epidemiologia genetica fuera de Espana y pedir carta de aceptacion - ver candidatos L-#### en la pestana de grupos. 3) Apuntar a la ronda del 15-04-2027, no a la del 15-10-2026: en 17 dias no hay carta de host. 4) Volver a leer la pagina de FENS en marzo de 2027 para confirmar importe y documentos.	https://www.fens.org/careers/grants-and-stipends/grant/fens-ibro-perc-exchange-fellowships
3	F-0004	Ayudas para contratos Juan de la Cierva (JDC)	Fellowships	POSTDOC_FELLOWSHIP	2026-12-03	66	35700 EUR de ayuda anual por contrato (retribucion minima obligatoria en contrato: 31200 EUR brutos anuales); presupuesto total de la convocatoria 61050000 EUR	4	L	Nada que presentar ahora: la edicion 2026 la excluye. Dato ya cerrado, no hace falta repetir la busqueda del BOE. Accion real, en 2027: elegir y contactar centro de acogida distinto de la Universidad de Murcia (cruzar con la pestana de grupos) para la convocatoria 2028. Vigilancia barata: en septiembre u octubre de 2028, leer el articulo 6.1.a de la convocatoria 2028 en la BDNS para confirmar que la ventana es 1-1-2026 a 31-12-2028.	https://www.boe.es/diario_boe/txt.php?id=BOE-B-2026-31265
4	E-0001	World Congress of Psychiatric Genetics (WCPG) 2026	Events	Congreso anual	2026-09-29	1		5	M	Empieza en 8 dias. Si quisiera asistir en remoto o de ultima hora, escribir esta semana a la secretaria de ISPG: no hay ninguna tarifa publicada que podamos citar. Vigilar ispg.net/past-congresses el 5-oct-2026, porque la sede de WCPG 2027 suele anunciarse en la asamblea del propio congreso.	https://ispg.net/wcpg-2026/
5	E-0019	EPA 2027 - 35th European Congress of Psychiatry	Events	Congress	2026-10-07	9		4	S	URGENTE: quedan 9 dias. Decidir esta semana si envia abstract (comunicacion oral, e-poster con presentacion o e-poster de exposicion) a partir de la revision en Journal of Sleep Research o del trabajo empirico de Nature Mental Health. No habra ronda late-breaking: si no entra el 7 de octubre, EPA 2027 queda fuera	https://www.epa-congress.org/abstract-submission/
6	T-0014	SSGAC/CESR Social-Science Genetics Methods Workshop	Training	Taller online (serie)		17		4	XS	Entrar en thessgac.org/events y apuntarse a la sesion del 15-oct-2026; comprobar de paso si la serie continua en 2027.	https://www.thessgac.org/events
7	E-0005	IGES 2026 Annual Meeting & Education Workshop	Events	Congreso anual + workshop	2026-10-20	22	664	4	M	Escribir a IGES por su formulario de contacto para confirmar si los premios Williams y Neel siguen vigentes, con que cuantia y plazo, ya que la web no publica convocatoria actual	https://www.geneticepi.org/2026-annual-meeting
8	T-0007	Advanced Mendelian Randomization	Training	Curso corto avanzado	2026-11-11	44	725	4	S	ACCION INMINENTE. El registro anual de Bristol ya esta abierto (desde el 23-sep-2026): crear la cuenta esta semana. Las reservas del curso abren a mediodia del 7-oct-2026, hora del Reino Unido. Es el curso de Bristol mas cercano y el mas barato del bloque de MR, asi que reservar ese mismo dia. Plazo de reserva 2026-11-11.	https://www.bristol.ac.uk/medical-school/short-courses-and-cpd/short-courses/courses/advanced-mr/
9	T-0002	Genetic Epidemiology (short course)	Training	Short course	2027-01-13	107	1450	4	XS	Crear YA la cuenta de reservas (disponible desde el 23-sep-2026) y reservar el 7-oct-2026 a las 12:00 hora del RU, que es cuando abren las reservas del programa 2026/27.	https://www.bristol.ac.uk/medical-school/short-courses-and-cpd/short-courses/courses/genetic-epidemiology/
10	T-0001	International Statistical Genetics Workshop (el 'Boulder Workshop')	Training	Workshop		154	550	5	S	La inscripcion NO ha abierto y no hay tarifa publicada. Revisar colorado.edu/ibg/workshop-2027 cada 3-4 semanas desde noviembre-2026, o escribir a IBGworkshop@colorado.edu pidiendo aviso de apertura. Recordar que este taller de marzo se imparte cada TRES anos: perder 2027 significa esperar a 2030.	https://www.colorado.edu/ibg/workshop-2027
11	T-0003	Mendelian Randomization (short course)	Training	Short course	2027-03-01	154	1020	4	XS	Crear la cuenta de reservas ya y reservar el 7-oct-2026 a las 12:00 RU.	https://www.bristol.ac.uk/medical-school/short-courses-and-cpd/short-courses/courses/mr/
12	T-0009	Molecular Epidemiology	Training	Curso corto	2027-03-08	161	878	3	S	Solo si sobran presupuesto y dias: encadenarlo con T-0003 (MR introductorio) la semana anterior, aprovechando un unico permiso.	https://www.bristol.ac.uk/medical-school/short-courses-and-cpd/short-courses/courses/molecular-epidemiology/
13	T-0008	Machine Learning with Omics Data	Training	Curso corto	2027-06-08	253	863	3	S	Tarifa ya conocida. Reservar solo si sobra presupuesto tras priorizar los cursos de MR y de reproducibilidad; junio-2027 cae despues de la residencia, asi que la agenda no es el problema, el coste si.	https://www.bristol.ac.uk/medical-school/short-courses-and-cpd/short-courses/courses/machine-learning-omics-data/
14	T-0011	Genetic and Epigenetic Epidemiology (curso especializado del EEPE)	Training	Curso especializado residencial		280	1575	4	M	La inscripcion abre en NOVIEMBRE-2026 y no hay fecha de cierre publicada: volver a mirar a primeros de noviembre e inscribirse en cuanto abra. Contacto: eepe@eepe.org.	https://www.eepe.org/registration-2-2/
15	L-0001	Complex Trait Genetics (CTG) Lab	Groups					5	S	Mantener workingat.vu.nl/vacancies en la revision semanal como negativo barato, pero asumir que la unica via real con Posthuma es el correo en frio o una beca propia que ella acoja.	https://cncr.nl/ctg/jobs/
16	L-0002	Psychiatric Genetics Group	Groups					5	S	Mandar YA el correo en frio a Sarah Medland o a Lucia Colodro Conde sin esperar a ningun anuncio: esta confirmado que no lo va a haber a corto plazo y la conexion calida de su estancia en QIMR no depende de el.	https://www.qimrb.edu.au/researchers-and-labs/psychiatric-genetics
17	L-0006	SGDP Centre / Statistical Genetics Unit	Groups					5	S	Mantener kcl.ac.uk/jobs/search en la revision semanal filtrando por SGDP. Reino Unido post-Brexit anade friccion de visado para ciudadana UE, asi que esta fila solo justifica esfuerzo si sale algo especificamente de genetica psiquiatrica.	https://www.kcl.ac.uk/research/sgu
18	L-0012	Grupo de genetica estadistica psiquiatrica de Wouter Peyrot (proyecto ERC PersonalRiskProfile)	Groups					5	S	Seguir vigilando werkenbij.amsterdamumc.org semanalmente (es el portal bueno) y, en paralelo, plantear el correo en frio: Peyrot es de los pocos que combina metodos de PRS con psiquiatria clinica, que es exactamente su perfil.	https://werkenbij.amsterdamumc.org/en/vacancies/all-vacancies
19	L-0013	Grupo de Kelli Lehto, Instituto de Genomica (proyecto ERC AT-TENSION)	Groups					5	S	Buscar el email nominal de Lehto en ut.ee/en/employee/kelli-lehto y escribirle en frio en 2027 con el angulo del ERC AT-TENSION (TDAH adulto, genomica y ciencia de datos).	https://genomics.ut.ee/en/research-group-neuropsychiatric-genomics
20	L-0014	Grupo de Psiquiatria Infantil y Genetica del Comportamiento de Christel Middeldorp	Groups					5	S	Vigilancia semanal de werkenbij.amsterdamumc.org. Middeldorp es la fila con mejor puente hacia su linea 3 (sueno infantil) desde psiquiatria infantil, asi que merece correo en frio aunque no haya plaza.	https://www.amsterdamumc.org/en/research/researchers/christel-middeldorp.htm
21	L-0020	KI Psychiatric Genomics Institute (KI-PGI)	Groups					5	M	No escribir a Yi Lu por separado de momento: usar el correo a Shuyang Yao (L-0026) como puerta de entrada al grupo y ver si deriva. Revisar ki.varbi.com cada semana buscando MEB.	https://ki.se/en/meb/research/ki-psychiatric-genomics-institute/about-ki-pgi
22	L-0021	PsychGen Centre for Genetic Epidemiology and Mental Health	Groups					5	M	Confirmar la direccion de Havdahl en su ficha de fhi.no y escribirle con una propuesta de una pagina: sueno infantil en MoBa con diseno intrafamiliar. Preguntar por MSCA o postdoc del Research Council of Norway.	https://www.fhi.no/en/me/the-psychgen-centre-for-genetic-epidemiology-and-mental-health/about-the-psychgen-centre/
23	L-0026	Yao Lab / proyecto CANARY, Department of Medical Epidemiology and Biostatistics	Groups					5	S	Escribir a shuyang.yao@ki.se en octubre-noviembre de 2026. Ya no hay nada que buscar antes: email y ausencia de vacante publicada estan verificados. Considerar copiar o mencionar a Yi Lu (L-0020), que es la jefa del grupo donde ella trabaja.	https://news.ki.se/five-ki-researchers-receive-erc-starting-grants-in-2026
24	L-0027	Huang Lab, Analytic and Translational Genetics Unit (ATGU)	Groups					5	M	Abrir la pagina 'Opportunities' de huanglab.ac y, si no hay convocatoria, enviar candidatura espontanea a admin@atgu.mgh.harvard.edu citando un paper cross-ancestry concreto.	https://huanglab.ac/home-page/
25	L-0033	Mullins Lab (Genomica psiquiatrica a gran escala)	Groups					5	M	Escribir a niamh.mullins@mssm.edu con el correo de aproximacion descrito, adjuntando CV de dos paginas y el preprint o manuscrito de QIMR si el estado de revision lo permite. Antes, revisar la pagina del Suicide Working Group del PGC por si cabe entrar como analista colaboradora ya en 2027.	https://labs.icahn.mssm.edu/mullinslab/
26	L-0034	Genes Environment Lifespan (GEL) Lab	Groups					5	L	Escribir a a.ronald@surrey.ac.uk planteando explicitamente la co-solicitud de un fellowship postdoctoral con inicio en 2028, no un puesto. En paralelo, leer el paper de JCPP Advances completo antes de escribir para poder citar un resultado concreto y no el titulo.	https://www.surrey.ac.uk/people/angelica-ronald
27	E-0011	BGA 2028 - 58th Annual Meeting of the Behavior Genetics Association	Events	Conference				5	S	No hay nada que perseguir hasta finales de 2027: la pagina oficial de futuras reuniones de BGA solo dice 'Tartu, Estonia, TBA'. Revisar una vez pasada la reunion de 2027	https://bga.org/content.aspx?page_id=22&club_id=971921&module_id=567675
28	E-0016	EMGM 2027 - 55a European Mathematical Genetics Meeting	Events	Congreso anual				5	XS	La 54a edicion (Davos, 14-15 abr 2026) ya paso y la de 2027 sigue sin anfitrion. Vigilar sites.google.com/site/emgmhome a partir de noviembre-2026; si en enero-2027 sigue TBA, escribir a los organizadores de Davos 2026 (emgm2026.sciencesconf.org) preguntando por sede y fechas de 2027, que es justo lo que la propia web pide hacer.	https://sites.google.com/site/emgmhome/future-meetings
29	E-0014	XXXV Reunion Anual de la Sociedad Espanola de Sueno (SES 2027)	Events	Conference				3	XS	Consultar congreso-ses.com/ses2027 en octubre-2026 para fechas exactas de marzo-2027, plazo de comunicaciones y cuota de residente; si cae en marzo, hay que pedir dias en el hospital con antelacion.	https://congreso-ses.com/ses2027/bienvenida
30	E-0015	Jornada AEGH 2027 (Asociacion Espanola de Genetica Humana)	Events	Conference				3	XS	Volver a aegh.org/congresos-y-jornadas-aegh en diciembre-2026 o enero-2027 para ver sede y fechas adjudicadas.	https://aegh.org/congresos-y-jornadas-aegh/
