Run_Date	Routine	Tab	ID	Name	Change_Type	Details	URL
2026-08-23	positions	postdocs	P-0001	Postdocs in psychiatric epidemiology and/or statistical genetics	ADDED	Alta en la pasada de siembra. Fit 5, Status CLOSED, Confidence UNVERIFIED.	https://international.au.dk/about/profile/vacant-positions/job/postdocs-in-psychiatric-epidemiology-and-or-statistical-genetics
2026-08-23	positions	postdocs	P-0002	Postdoctoral Research Scientist in Statistical Genomics / Genetic Epidemiology	ADDED	Alta en la pasada de siembra. Fit 4, Status ROLLING, Confidence VERIFIED.	https://recruitingapp-5569.de.umantis.com/Vacancies/496/Description/2?lang=eng
2026-08-23	positions	postdocs	P-0003	Postdoctoral Fellow in Psychiatric Genomics	ADDED	Alta en la pasada de siembra. Fit 4, Status OPEN, Confidence UNVERIFIED.	https://www.nature.com/naturecareers/job/postdoctoral-fellow-in-psychiatric-genomics-icahn-school-of-medicine-at-mount-sinai-ismms-mshs-754125
2026-08-23	positions	postdocs	P-0004	Postdoctoral Researcher in Psychiatric and Genetic Epidemiology (ERC StressGene)	ADDED	Alta en la pasada de siembra. Fit 4, Status CLOSED, Confidence UNVERIFIED.	https://euraxess.ec.europa.eu/jobs/557315
2026-08-23	positions	postdocs	P-0005	Postdoc Statistical Genetics (Complex Trait Genetics lab)	ADDED	Alta en la pasada de siembra. Fit 4, Status CLOSED, Confidence VERIFIED.	https://www.academictransfer.com/en/jobs/352365/postdoc-statistical-genetics/
2026-08-23	positions	postdocs	P-0006	Postdoctoral Research Scientist in host genetics and data integration for liver cancer risk prediction	ADDED	Alta en la pasada de siembra. Fit 3, Status OPEN, Confidence VERIFIED.	https://www.jobs.ac.uk/job/DSR614/postdoctoral-research-scientist-in-host-genetics-and-data-integration-for-liver-cancer-risk-predication-and-early-detection
2026-08-23	positions	postdocs	P-0007	Postdoc in method development in human statistical genetics (classification of complex traits)	ADDED	Alta en la pasada de siembra. Fit 3, Status CLOSED, Confidence UNVERIFIED.	https://www.nature.com/naturecareers/job/12856703/postdoc-position-in-method-development-in-human-statistical-genetics-with-a-focus-on-classificat-/
2026-08-23	positions	postdocs	P-0008	Computational Scientist I - McCarroll Lab	ADDED	Alta en la pasada de siembra. Fit 3, Status OPEN, Confidence VERIFIED.	https://broadinstitute.avature.net/careers
2026-08-23	positions	postdocs	P-0009	PhD / Postdoc Fellowship Call 2026 - Functional Genomics Team (llamada de acogida)	ADDED	Alta en la pasada de siembra. Fit 3, Status CLOSED, Confidence VERIFIED.	https://www.cnag.eu/jobs/phd-postdoc-fellowship-call-2026-functional-genomics-team
2026-08-23	positions	postdocs	P-0010	Postdoctoral Scientist, Computational Epigenomics and Genetics	ADDED	Alta en la pasada de siembra. Fit 3, Status OPEN, Confidence UNVERIFIED.	https://recruitment.crg.eu/content/jobs/position/postdoctoral-scientist-computational-epigenomics-and-genetics
2026-08-23	positions	postdocs	P-0011	Postdoctoral positions in human population genetics, complex disease and cancer	ADDED	Alta en la pasada de siembra. Fit 3, Status OPEN, Confidence UNVERIFIED.	https://www.nature.com/naturecareers/job/postdoctoral-positions-in-human-population-genetics-complex-disease-and-cancer-in-new-york-city-usa-albert-einstein-college-of-medicine-einstein-757285
2026-08-23	positions	postdocs	P-0012	Junior Research Data Scientist	ADDED	Alta en la pasada de siembra. Fit 2, Status OPEN, Confidence VERIFIED.	https://www.jobs.ac.uk/job/DSR260/junior-research-data-scientist
2026-08-23	positions	postdocs	P-0013	Postdoctoral Research Associate in Epidemiology and Health Data Science	ADDED	Alta en la pasada de siembra. Fit 2, Status OPEN, Confidence VERIFIED.	https://www.jobs.ac.uk/job/DSM851/postdoctoral-research-associate-in-epidemiology-and-health-data-science
2026-08-23	positions	postdocs	P-0014	Research Assistant (Moondance Dementia Laboratory)	ADDED	Alta en la pasada de siembra. Fit 2, Status OPEN, Confidence VERIFIED.	https://cardiffuniweb.eploy.net/vacancies/vacancy-search-results.aspx?culture=en-GB
2026-08-23	positions	postdocs	P-0015	Clinical Research Associate (IoPPN)	ADDED	Alta en la pasada de siembra. Fit 2, Status OPEN, Confidence VERIFIED.	https://www.kcl.ac.uk/jobs/154086-clinical-research-associate
2026-08-23	positions	postdocs	P-0016	Clinical Research Fellow (IoPPN)	ADDED	Alta en la pasada de siembra. Fit 2, Status OPEN, Confidence VERIFIED.	https://www.kcl.ac.uk/jobs/155765-clinical-research-fellow
2026-08-23	positions	postdocs	P-0017	Research Officer - Experimental Biology and Surveillance Innovation	ADDED	Alta en la pasada de siembra. Fit 1, Status OPEN, Confidence VERIFIED.	https://qimrberghofer.turborecruit.com.au/job/job_details.cfm?id=581998
2026-08-23	positions	jobs	J-0001	Associate Manager, Statistical Genetics - Regeneron Genetics Center	ADDED	Alta en la pasada de siembra. Fit 4, Status OPEN, Confidence VERIFIED.	https://careers.regeneron.com/en/jobs/r48469/associate-manager-statistical-genetics-regeneron-genetics-center/
2026-08-23	positions	jobs	J-0002	Bolsa Unica de Empleo del SAS - inscripcion como Facultativo Especialista de Area (Laboratorio Clinico)	ADDED	Alta en la pasada de siembra. Fit 4, Status ROLLING, Confidence VERIFIED.	https://www.sspa.juntadeandalucia.es/servicioandaluzdesalud/profesionales/ofertas-de-empleo/bolsa-de-empleo
2026-08-23	positions	jobs	J-0003	Via transitoria al titulo de especialista en Genetica Medica y en Genetica de Laboratorio - seguimiento normativo	ADDED	Alta en la pasada de siembra. Fit 4, Status PENDING, Confidence VERIFIED.	https://www.sanidad.gob.es/normativa/audiencia/home.htm
2026-08-23	positions	jobs	J-0004	Facultativo Especialista en Analisis Clinicos - concurso-oposicion SERMAS (ref. E907, 47 plazas)	ADDED	Alta en la pasada de siembra. Fit 3, Status CLOSED, Confidence VERIFIED.	https://sede.comunidad.madrid/oferta-empleo/facultativo-especialista-analisis-clinic
2026-08-23	positions	jobs	J-0005	Facultativo/a Especialista en Analisis Clinicos - concurso de meritos Ley 20/2021 (estabilizacion)	ADDED	Alta en la pasada de siembra. Fit 2, Status CLOSED, Confidence LIKELY.	https://sede.gva.es/es/detall-ocupacio-publica?id_emp=87684
2026-08-23	positions	jobs	J-0006	OPE Libre - Facultativo Especialista en Analisis Clinicos (6 plazas)	ADDED	Alta en la pasada de siembra. Fit 2, Status CLOSED, Confidence UNVERIFIED.	https://www.murciasalud.es/empleo.php?idsec=39
2026-08-23	positions	sources		Ampliacion de la superficie de vigilancia	ADDED	26 fuentes nuevas (portales de institucion, tablones de sociedad, cinco portales de empleo publico autonomico y el tramite de audiencia previa del Ministerio de Sanidad), con las notas de bloqueo de cada una.	
2026-08-23	positions	subscriptions		Alertas propuestas	ADDED	2 altas TODO (tope por pasada): alertas del BOE para el RD de Genetica y busquedas guardadas de EURAXESS. El resto de candidatas quedan en runs/ a la espera de las proximas pasadas.	
2026-08-23	positions	inbox_triage		Pasada de buzon de la semana	CHECKED	Conector de Gmail operativo. Pase A (label:Research newer_than:8d) sin hilos: la etiqueta existe pero ningun filtro la aplica todavia. Pase B: 1 mensaje relevante, enrutado IGNORE. Nada quedo PENDING.	
2026-08-23	fellowships	fellowships	F-0001	Contratos Rio Hortega (ISCIII, Accion Estrategica en Salud)	ADDED	Alta en la pasada de siembra. Fit 5, Status CLOSED, Confidence VERIFIED.	https://www.isciii.es/documents/d/guest/report_aes_2026?download=true
2026-08-23	fellowships	fellowships	F-0002	Contratos Sara Borrell (ISCIII, Accion Estrategica en Salud)	ADDED	Alta en la pasada de siembra. Fit 5, Status CLOSED, Confidence VERIFIED.	https://www.isciii.es/documents/d/guest/report_aes_2026?download=true
2026-08-23	fellowships	fellowships	F-0003	Contratos Miguel Servet (ISCIII, Accion Estrategica en Salud)	ADDED	Alta en la pasada de siembra. Fit 2, Status CLOSED, Confidence VERIFIED.	https://www.isciii.es/documents/d/guest/report_aes_2026?download=true
2026-08-23	fellowships	fellowships	F-0004	Ayudas para contratos Juan de la Cierva (JDC) 2026	ADDED	Alta en la pasada de siembra. Fit 4, Status CLOSED, Confidence UNVERIFIED.	https://www.aei.gob.es/convocatorias/buscador-convocatorias
2026-08-23	fellowships	fellowships	F-0005	Ayudas para contratos Ramon y Cajal (RYC) 2026	ADDED	Alta en la pasada de siembra. Fit 3, Status CLOSED, Confidence UNVERIFIED.	https://www.aei.gob.es/convocatorias/buscador-convocatorias/ayudas-contratos-ramon-cajal-ryc-2026
2026-08-23	fellowships	fellowships	F-0006	Postdoctoral Junior Leader - modalidad Retaining	ADDED	Alta en la pasada de siembra. Fit 4, Status CLOSED, Confidence LIKELY.	https://lacaixafoundation.org/en/postdoctoral-junior-leader-fellowships-retaining-call
2026-08-23	fellowships	fellowships	F-0007	HFSP Postdoctoral Fellowships (Long-Term Fellowship, LTF)	ADDED	Alta en la pasada de siembra. Fit 4, Status CLOSED, Confidence VERIFIED.	https://www.hfsp.org/funding/hfsp-funding/postdoctoral-fellowships
2026-08-23	fellowships	fellowships	F-0008	EMBO Postdoctoral Fellowships	ADDED	Alta en la pasada de siembra. Fit 4, Status OPEN, Confidence VERIFIED.	https://www.embo.org/funding/fellowships-grants-and-career-support/postdoctoral-fellowships/eligibility/
2026-08-23	fellowships	fellowships	F-0009	MSCA Postdoctoral Fellowships (European Fellowship; variante Global)	ADDED	Alta en la pasada de siembra. Fit 4, Status CLOSED, Confidence VERIFIED.	https://marie-sklodowska-curie-actions.ec.europa.eu/actions/postdoctoral-fellowships
2026-08-23	fellowships	fellowships	F-0010	Humboldt Research Fellowship for Postdoctoral Researchers	ADDED	Alta en la pasada de siembra. Fit 4, Status ROLLING, Confidence LIKELY.	https://www.humboldt-foundation.de/en/apply/sponsorship-programmes/humboldt-research-fellowship
2026-08-23	fellowships	fellowships	F-0011	DFG Walter Benjamin Programme	ADDED	Alta en la pasada de siembra. Fit 4, Status ROLLING, Confidence LIKELY.	https://www.dfg.de/en/research-funding/funding-opportunities/programmes/individual/walter-benjamin
2026-08-23	fellowships	fellowships	F-0012	Wellcome Early-Career Awards	ADDED	Alta en la pasada de siembra. Fit 4, Status CLOSED, Confidence UNVERIFIED.	https://wellcome.org/research-funding/schemes/early-career-awards
2026-08-23	fellowships	fellowships	F-0013	MRC Early Independence: Career Development Fellowship	ADDED	Alta en la pasada de siembra. Fit 3, Status CLOSED, Confidence LIKELY.	https://www.ukri.org/opportunity/early-independence-career-development-fellowship/
2026-08-23	fellowships	fellowships	F-0014	NIH Pathway to Independence Award (K99/R00), con participacion del NIMH	ADDED	Alta en la pasada de siembra. Fit 3, Status ROLLING, Confidence LIKELY.	https://grants.nih.gov/grants/guide/pa-files/PA-24-194.html
2026-08-23	fellowships	fellowships	F-0015	NIH Ruth L. Kirschstein NRSA Postdoctoral Fellowship (F32)	ADDED	Alta en la pasada de siembra. Fit 1, Status CLOSED, Confidence LIKELY.	https://researchtraining.nih.gov/programs/fellowships/F32
2026-08-23	fellowships	fellowships	F-0016	NHMRC Investigator Grants - Emerging Leadership (EL1)	ADDED	Alta en la pasada de siembra. Fit 3, Status CLOSED, Confidence LIKELY.	https://www.nhmrc.gov.au/funding/find-funding/investigator-grants
2026-08-23	fellowships	fellowships	F-0017	BBRF Young Investigator Grant (antes NARSAD Young Investigator)	ADDED	Alta en la pasada de siembra. Fit 3, Status CLOSED, Confidence VERIFIED.	https://bbrfoundation.org/grants-prizes/bbrf-young-investigator-grants
2026-08-23	fellowships	fellowships	F-0018	ERC Starting Grant	ADDED	Alta en la pasada de siembra. Fit 2, Status CLOSED, Confidence LIKELY.	https://erc.europa.eu/apply-grant/starting-grant
2026-08-23	fellowships	fellowships	F-0019	FENS/IBRO-PERC Exchange Fellowships	ADDED	Alta en la pasada de siembra. Fit 4, Status OPEN, Confidence VERIFIED.	https://www.fens.org/careers/grants-and-stipends/grant/fens-ibro-perc-exchange-fellowships
2026-08-23	fellowships	fellowships	F-0020	EMBO Scientific Exchange Grants	ADDED	Alta en la pasada de siembra. Fit 4, Status ROLLING, Confidence VERIFIED.	https://www.embo.org/funding/fellowships-grants-and-career-support/scientific-exchange-grants/eligibility/
2026-08-23	fellowships	fellowships	F-0021	Boehringer Ingelheim Fonds (BIF) Travel Grants	ADDED	Alta en la pasada de siembra. Fit 3, Status ROLLING, Confidence LIKELY.	https://www.bifonds.de/fellowships-grants/travel-grants.html
2026-08-23	fellowships	fellowships	F-0022	JSPS Postdoctoral Fellowships for Research in Japan (Standard Program)	ADDED	Alta en la pasada de siembra. Fit 4, Status OPEN, Confidence VERIFIED.	https://www.jsps.go.jp/english/e-fellow/e-ippan/index.html
2026-08-23	fellowships	fellowships	F-0023	ESHG 2027 - conference fellowships / early career awards	ADDED	Alta en la pasada de siembra. Fit 4, Status OPEN, Confidence LIKELY.	https://2027.eshg.org/abstracts/
2026-08-23	fellowships	fellowships	F-0024	Premios L'Oreal-UNESCO For Women in Science Espana (XXI edicion, prevista)	ADDED	Alta en la pasada de siembra. Fit 3, Status CLOSED, Confidence VERIFIED.	https://www.loreal.com/es-es/espana/news/commitment/loreal-unesco-abre-convocatoria-de-premios-for-women-in-science/
2026-08-23	fellowships	fellowships	F-0025	SRSF Career Development Award	ADDED	Alta en la pasada de siembra. Fit 3, Status CLOSED, Confidence VERIFIED.	https://sleepresearchsociety.org/foundation/srsf-career-development-award/
2026-08-23	fellowships	fellowships	F-0026	ESRS grants: Travel Grants, Two-Week Training Grants y Meetings & Courses Fellowships	ADDED	Alta en la pasada de siembra. Fit 3, Status OPEN, Confidence UNVERIFIED.	https://esrs.eu/grants-awards/
2026-08-23	fellowships	fellowships	F-0027	BGA Student Travel Awards (congreso anual de la Behavior Genetics Association)	ADDED	Alta en la pasada de siembra. Fit 3, Status OPEN, Confidence UNVERIFIED.	http://bga.org/student-travel-awards/
2026-08-23	fellowships	fellowships	F-0028	BGA Outstanding Associate Member Oral / Poster Presentation Awards	ADDED	Alta en la pasada de siembra. Fit 3, Status OPEN, Confidence LIKELY.	https://bga.org/
2026-08-23	fellowships	fellowships	F-0029	The Company of Biologists Travelling Fellowships	ADDED	Alta en la pasada de siembra. Fit 2, Status OPEN, Confidence VERIFIED.	https://www.biologists.com/travelling-fellowships/
2026-08-23	fellowships	fellowships	F-0030	Premio de Investigacion del Instituto de Neurociencias Federico Oloriz (UGR)	ADDED	Alta en la pasada de siembra. Fit 4, Status CLOSED, Confidence VERIFIED.	https://ineurociencias.ugr.es/instituto/noticias/premio-instituto-neurociencias-2026
2026-08-23	fellowships	fellowships	F-0031	Guarantors of Brain Travel Grants	ADDED	Alta en la pasada de siembra. Fit 1, Status ROLLING, Confidence LIKELY.	https://guarantorsofbrain.org/grants/travel-grants/
2026-08-23	fellowships	fellowships	F-0032	BBRF Independent Investigator Grant	ADDED	Alta en la pasada de siembra. Fit 1, Status OPEN, Confidence VERIFIED.	https://bbrfoundation.org/grants-prizes
2026-08-23	fellowships	fellowships	F-0033	BBRF Distinguished Investigator Grant	ADDED	Alta en la pasada de siembra. Fit 1, Status CLOSED, Confidence VERIFIED.	https://bbrfoundation.org/grants-prizes
2026-08-23	fellowships	fellowships	F-0034	Stanley Center Sklar Program (Sklar Research Award / Sklar BSRP Fellowship)	ADDED	Alta en la pasada de siembra. Fit 1, Status CLOSED, Confidence VERIFIED.	https://www.broadinstitute.org/stanley-center-sklar-program
2026-08-23	fellowships	fellowships	F-0035	L'Oreal-UNESCO For Women in Science International Awards / International Rising Talents	ADDED	Alta en la pasada de siembra. Fit 1, Status CLOSED, Confidence UNVERIFIED.	https://www.forwomeninscience.com/
2026-08-23	fellowships	fellowships	F-0036	CSIC Premios a Tesis Doctorales Relevantes (IV edicion)	ADDED	Alta en la pasada de siembra. Fit 1, Status OPEN, Confidence UNVERIFIED.	https://www.csic.es/es/actualidad-del-csic/el-csic-lanza-la-convocatoria-2026-de-los-premios-tesis-doctorales-relevantes-y-la-supervision-del-personal-investigador
2026-08-23	fellowships	watchlist_closed	W-0001	HFSP Postdoctoral Fellowships - convocatoria del ano 2027	ADDED	Convocatoria cerrada en seguimiento. Reapertura prevista: Portal de LOI ~marzo de 2027, plazo de LOI ~mayo de 2027, propuesta completa ~septiembre d (confianza HIGH).	https://www.hfsp.org/funding/hfsp-funding/postdoctoral-fellowships
2026-08-23	fellowships	watchlist_closed	W-0002	Contratos Rio Hortega - edicion AES 2026	ADDED	Convocatoria cerrada en seguimiento. Reapertura prevista: 2027-02-10 (ventana ~10 feb - 5 mar 2027; publicacion en BOE prevista en diciembre de 2026 (confianza LIKELY).	https://www.isciii.es/documents/d/guest/report_aes_2026?download=true
2026-08-23	fellowships	watchlist_closed	W-0003	Contratos Sara Borrell - edicion AES 2026	ADDED	Convocatoria cerrada en seguimiento. Reapertura prevista: 2027-02-10 (ventana ~10 feb - 5 mar 2027); su primera edicion realista es la AES 2029 (confianza LIKELY).	https://www.isciii.es/documents/d/guest/report_aes_2026?download=true
2026-08-23	fellowships	watchlist_closed	W-0004	Contratos Miguel Servet - edicion AES 2026	ADDED	Convocatoria cerrada en seguimiento. Reapertura prevista: 2027-02-11 (ventana ~11 feb - 4 mar 2027) (confianza LIKELY).	https://www.isciii.es/documents/d/guest/report_aes_2026?download=true
2026-08-23	fellowships	watchlist_closed	W-0005	Wellcome Early-Career Awards - ronda de julio de 2026	ADDED	Convocatoria cerrada en seguimiento. Reapertura prevista: Esquema rodante con varias rondas al ano: proximos plazos ~10-11-2026 y ~06-04-2027, y otr (confianza HIGH).	https://wellcome.org/research-funding/schemes/early-career-awards
2026-08-23	fellowships	watchlist_closed	W-0006	NHMRC Investigator Grants - ronda 2027	ADDED	Convocatoria cerrada en seguimiento. Reapertura prevista: Ronda 2028 prevista con apertura ~2-6-2027 y cierre ~28-7-2027 (17:00 AEST); ronda 2029 ~j (confianza HIGH).	https://www.nhmrc.gov.au/funding/find-funding/investigator-grants
2026-08-23	fellowships	watchlist_closed	W-0007	BBRF Young Investigator Grant - ciclo 2026	ADDED	Convocatoria cerrada en seguimiento. Reapertura prevista: Principios de febrero de 2027, con cierre a principios de marzo de 2027 (confianza HIGH).	https://bbrfoundation.org/grants-prizes/bbrf-young-investigator-grants
2026-08-23	fellowships	watchlist_closed	W-0008	Postdoctoral Junior Leader - modalidad Incoming, convocatoria 2027	ADDED	Convocatoria cerrada en seguimiento. Reapertura prevista: Hacia abril-mayo de 2027 para la Incoming de 2028 (cierre historicamente a finales de juli (confianza LIKELY).	https://lacaixafoundation.org/en/postdoctoral-junior-leader-fellowships-incoming-call
2026-08-23	fellowships	watchlist_closed	W-0009	ISPG Early Career Investigator Program (ECIP) - ayuda de viaje al WCPG	ADDED	Convocatoria cerrada en seguimiento. Reapertura prevista: Portal de resumenes del WCPG 2027 hacia febrero-marzo de 2027; plazo de resumenes y de ECI (confianza MEDIUM).	https://ispg.net/ecip-program/
2026-08-23	fellowships	watchlist_closed	W-0010	SRS Trainee Awards del congreso SLEEP (Trainee Merit, Diversity Travel, First-Time Attendee)	ADDED	Convocatoria cerrada en seguimiento. Reapertura prevista: Enero-marzo de 2027 para SLEEP 2027; la propia pagina de la SRS indica que el ciclo del Tr (confianza LIKELY).	https://sleepresearchsociety.org/awards/conference-awards/
2026-08-23	fellowships	watchlist_closed	W-0011	Premio de Investigacion del Instituto de Neurociencias Federico Oloriz (UGR) - edicion 2026	ADDED	Convocatoria cerrada en seguimiento. Reapertura prevista: Mayo de 2027, convocatoria anual con ventana de solo 30 dias naturales (confianza LIKELY).	https://ineurociencias.ugr.es/instituto/noticias/premio-instituto-neurociencias-2026
2026-08-23	fellowships	watchlist_closed	W-0012	Becas de Investigacion de la SES (Sociedad Espanola de Sueno)	ADDED	Convocatoria cerrada en seguimiento. Reapertura prevista: ~noviembre-diciembre de 2026, con plazo ~25 de enero de 2027 (confianza MEDIUM).	https://ses.org.es/blog-post/becas-2022-2-5-3-2/
2026-08-23	fellowships	watchlist_closed	W-0013	ESRS Meetings and Courses Fellowship	ADDED	Convocatoria cerrada en seguimiento. Reapertura prevista: ~finales de 2026, con plazo ~31 de enero de 2027 (confianza LOW-MEDIUM).	https://esrs.eu/grants-awards/meetings-and-courses-fellowship/
2026-08-23	fellowships	watchlist_closed	W-0014	One Mind Rising Star Awards 2026	ADDED	Convocatoria cerrada en seguimiento. Reapertura prevista: ~marzo de 2027 (anual) (confianza MEDIUM).	https://onemind.org/what-we-do/one-mind-rising-star-academy/one-mind-rising-star-awards/
2026-08-23	fellowships	sources		Ampliacion de la superficie de vigilancia	ADDED	21 fuentes nuevas de financiacion (el PDF de la AES del ISCIII, las paginas de articulado de HFSP y EMBO, JSPS, BBRF, SRS Foundation, SES, ISPG ECIP y el portal de topics de la UE), con sus notas de bloqueo.	
2026-08-23	fellowships	subscriptions		Alertas propuestas	ADDED	2 altas TODO (tope por pasada): membresia de la SENC, que habilita el plazo del 15-10-2026, y avisos del ISCIII, que habilitan Rio Hortega. El resto de candidatas queda en runs/.	
2026-08-24	ecosystem	groups		Siembra de grupos de investigacion	ADDED	11 grupos nuevos en genetica estadistica de rasgos complejos, GWAS/PRS psiquiatrico y genetica del sueno infantil (EU/EEA, Australia, RU, EE.UU., Espana). 6 con Fit 4-5. 2 anuncios ABIERTOS (Aarhus/Speed, plazo 1-may-2026, VERIFIED; y Max Planck Nijmegen, rodante desde 8-oct-2026, UNVERIFIED) y 1 pista calida (QIMR Berghofer/Medland).	
2026-08-24	ecosystem	events		Siembra del calendario de congresos	ADDED	10 congresos (WCPG, ASHG, ESHG, BGA, IGES, SOBP, ESRS/Sleep Europe, SLEEP, SfN, FENS) con fechas, plazos de resumenes y ayudas de viaje. Reloj vivo: los resumenes late-breaking de ASHG 2026 cierran el 26-ago-2026.	
2026-08-24	ecosystem	training		Siembra de formacion	ADDED	6 cursos/talleres. Diana: el International Statistical Genetics Workshop de Boulder (edicion presencial 2027, Fit 5, competencia LOW). Ademas 2 cursos cortos online de Bristol (Genetic Epidemiology, Mendelian Randomization).	
2026-08-24	ecosystem	sources		Ampliacion de la superficie de vigilancia	ADDED	6 fuentes nuevas del beat ecosystem: IGES, SOBP, SLEEP/APSS, el IBG Boulder Workshop, los cursos cortos de Bristol y Wellcome Connecting Science.	
2026-08-24	ecosystem	subscriptions		Alertas propuestas	ADDED	2 altas TODO (tope por pasada): membresia de la ISPG (avisos WCPG/ECIP) y lista de avisos del IBG Boulder Workshop. Ambas habilitan relojes que se pierden facil.	
2026-08-24	fellowships	fellowships	F-0007	HFSP Postdoctoral Fellowships	UPDATED	Se deshace el conflicto registrado la semana pasada: el doctorado NO se exige al solicitar. La cita contraria era una alucinacion del resumidor de PDF, no una fuente. Verificado con extraccion local del PDF oficial. Ademas, en fase de LOI vale un preprint.	https://www.hfsp.org/funding/hfsp-funding/postdoctoral-fellowships
2026-08-24	fellowships	fellowships	F-0012	Wellcome Early-Career Awards	UPDATED	Espana NO es centro de acogida elegible: solo Reino Unido, Irlanda y paises de renta baja/media, y desde el 29-10-2026 tampoco Irlanda. Techo de 3 anos posdoctorales confirmado; la formacion clinica se descuenta. Corte del 10-11-2026 confirmado; se retira el ~06-04-2027 por falta de respaldo.	https://www.catch.ac.uk/research-grants-and-awards/wellcome-early-career-awards/
2026-08-24	fellowships	fellowships	F-0002	Contratos Sara Borrell	UPDATED	Resuelto a su favor: basta la certificacion universitaria de lectura y aprobacion de la tesis, no hace falta el titulo expedido (art. 41.1.b de la AES 2026). Una defensa en febrero de 2028 llega al cierre de la AES 2028.	https://www.isciii.es/documents/d/guest/report_aes_2026?download=true
2026-08-24	fellowships	fellowships	F-0022	JSPS Standard Program	UPDATED	Plazos FY2027 verificados (28-08-2026 y 23-04-2027); ninguno le sirve. Su convocatoria es la primera de FY2028, hacia agosto de 2027. Presenta el anfitrion japones, no ella, y las instituciones cierran internamente con mas de un mes de antelacion.	https://www.jsps.go.jp/english/e-fellow/application.html
2026-08-24	fellowships	fellowships	F-0024	L'Oreal-UNESCO For Women in Science Espana	UPDATED	Respondida la pregunta abierta: el contrato MIR no sirve, hace falta contrato de investigacion con el centro que presenta, mas 4 anos desde la lectura de la tesis y una estancia previa de 2 anos. No elegible hasta ~2032. Baja de Fit 3 a 2.	https://www.forwomeninscience.com/
2026-08-24	fellowships	fellowships	F-0030	Premio Instituto de Neurociencias Federico Oloriz	UPDATED	Admite predoctorales matriculadas: es elegible YA. Edicion 2026 cerrada el 05-06-2026, 1.250 EUR, articulo publicado en 2023-2025. Competencia LOW y esfuerzo XS.	https://ineurociencias.ugr.es/instituto/noticias/premio-instituto-neurociencias-2026
2026-08-24	fellowships	fellowships	F-0034	Stanley Center Sklar Program	CLOSED	Cerrada definitivamente: el Broad confirma que la ultima beca Sklar se concedio en 2024. Lo que queda exige ciudadania o residencia estadounidense y ser residente de psiquiatria en dos programas concretos. No volver a revisarla.	https://www.broadinstitute.org/stanley-center-sklar-program
2026-08-24	fellowships	fellowships	F-0004	Juan de la Cierva	UPDATED	La 'convocatoria JDC 2026' no existe: la ultima publicada es la de 2025 (BOE-B-2025-39640, plazo 25-11 a 10-12-2025). fibao.es la reetiqueta como 2026 y tesify.es publica fechas sin respaldo oficial. Se cambia la URL al BOE porque aei.gob.es acumula cuatro 503.	https://www.boe.es/diario_boe/txt.php?id=BOE-B-2025-39640
2026-08-24	fellowships	fellowships	F-0018	ERC Starting Grant	UPDATED	El cambio de ventana es real, no un error de lectura: 2-7 anos rige en las convocatorias de 2026 y 0-10 anos desde las de 2027. Se cuenta desde la defensa certificada. Nueva regla de una StG y una CoG por carrera.	https://erc.europa.eu/apply-grant/starting-grant
2026-08-24	fellowships	watchlist_closed		Repaso de la watchlist	UPDATED	11 de 14 filas revisadas. Reabiertas dos: la Caixa Junior Leader Incoming 2027 (cierra 23-09-2026, ella no es elegible) y, probablemente, las Becas de Investigacion de la SES. Fechas nuevas en BBRF (05-03-2027) y SLEEP 2027 (Denver, 5-9 de junio). Correccion de etiquetado en la ronda de la NHMRC. Sin revisar: W-0003, W-0004, W-0013 y W-0014.	
2026-08-24	fellowships	sources		Ampliacion de la superficie de vigilancia	ADDED	4 fuentes nuevas, todas para rodear dominios que bloquean el rastreo: espejo de Wellcome en CATCH, indice de bases de JSPS, espejo de la AES en el IIS Aragon y el buscador del BOE con las consultas exactas de ISCIII y AEI.	
2026-08-24	fellowships	subscriptions		Alertas propuestas	ADDED	2 altas TODO (tope por pasada): lista de avisos de la Sleep Research Society y alta como socia de la SES, esta ultima porque la membresia es requisito de sus propias becas y podria exigir un ano de antiguedad.	
2026-08-31	fellowships	fellowships		Altas de la pasada de descubrimiento	ADDED	26 filas nuevas (F-0037 a F-0062). Cinco ramas en paralelo: buques insignia UE, programas nacionales y autonomicos, fundaciones y financiadores de campo, viajes y premios, y watchlist. Lo urgente: la Beca Internacional de Intercambio Cientifico Profesional de SEMEDLAB, OPEN y con cierre el 30-09-2026, Fit 4 y competencia LOW, la unica convocatoria con plazo inminente para la que hoy es elegible. Lo de mejor encaje: el ISPG ECIP Travel Award, Fit 5 y esfuerzo XS, para el que califica por ser doctoranda.	
2026-08-31	fellowships	fellowships		Rio Hortega (F-0001): se adelanta un ano su primera oportunidad	UPDATED	Verificado en el PDF oficial de la AES 2026 (art. 34.2) que la FSE debe terminar antes del cierre del plazo de ALEGACIONES a la resolucion provisional, no antes de la solicitud. Con precedentes de la sede del ISCIII (alegaciones del 3 al 16 de octubre en 2025), su fin de residencia del 22-05-2027 cae holgadamente dentro: puede presentarse a la AES 2027 en febrero-marzo de 2027 siendo todavia residente. Hay que preparar la solicitud ya, no en 2028.	https://sede.isciii.gob.es/anouncements_detail.jsp?pub=51490
2026-08-31	fellowships	fellowships		MSCA (F-0009): la convocatoria 2026 estaba abierta y la de 2027 puede ser la ultima	UPDATED	La fila decia CLOSED y la convocatoria 2026 esta abierta hasta el 09-09-2026 (ella no es elegible). Mas importante: la de 2027 (cierre 08-09-2027) es la ultima de Horizonte Europa y no hay certeza de que exista una PF con estas reglas en 2028. Como la regla exige HABER DEFENDIDO y no tener el titulo expedido, adelantar la defensa a antes de septiembre de 2027 pasa de preferencia de calendario a decision con consecuencias economicas. Fit ajustado de 4 a 3 porque no es elegible para ninguna edicion publicada.	https://marie-sklodowska-curie-actions.ec.europa.eu/funding/msca-postdoctoral-fellowships-2027
2026-08-31	fellowships	fellowships		EMBO (F-0008): resueltos los dos pendientes y aparece una via nueva de elegibilidad	UPDATED	PDF de guidelines extraido localmente. El doctorado NO se exige al solicitar, asi que puede presentarse siendo doctoranda; el cuello de botella es la publicacion, y su REVISION no serviria porque exigen 'primary research paper'. Via nueva: enviar el empirico a Review Commons o Peer Community In da revisiones publicas verificables y satisface la elegibilidad sin esperar a la revista. La ronda de otono de 2027 cae el 09-07-2027 y es la primera sin derecho a resolicitud.	
2026-08-31	fellowships	watchlist_closed		Repaso de la watchlist	UPDATED	11 de 14 filas revisadas (W-0001, W-0002, W-0003, W-0004, W-0005, W-0007, W-0009, W-0010, W-0012, W-0013, W-0014). NINGUNA convocatoria ha reabierto esta semana. Correccion mayor en W-0012: la urgencia de las Becas SES era FALSA, el tablon rotula 'CONVOCATORIA ABIERTA' un plazo vencido el 25-01-2026. W-0014 (One Mind) verificada por primera vez y resulta inelegible estructural. W-0010 pasa a VERIFIED. Sin revisar: W-0006, W-0008 y W-0011. 8 filas nuevas.	
2026-08-31	fellowships	sources		Ampliacion de la superficie de vigilancia	ADDED	10 fuentes nuevas y 6 filas con notas actualizadas. Las de mas valor: la sede electronica del ISCIII (unica via a las ventanas de alegaciones de la AES, y responde mientras isciii.es da 503), el indice de la Fundacion Jose Luis Castano-SEQC (de donde salio la unica convocatoria urgente), los espejos de los IIS para la AES y el BOJA para lo andaluz.	
2026-08-31	fellowships	subscriptions		Alertas propuestas	ADDED	2 altas TODO (tope por pasada), ambas de membresia: SEMEDLAB, que es requisito de la convocatoria que cierra el 30-09-2026, y AEGH, cuyo reloj de 2 anos de antiguedad gobierna tres ayudas distintas.	
2026-09-07	positions	postdocs	P-0018	Clinical Research Fellow (Psychological Medicine)	NEW	Rama 2 (tablones academicos). Leido en la pagina de resultados de jobs.ac.uk (busqueda 'psychiatric genetics', 2026-09-07); no se abrio el anuncio individual, de ahi LIKELY y no VERIFIED.	https://www.jobs.ac.uk/job/DST268/clinical-research-fellow
2026-09-07	positions	postdocs	P-0019	Postdoctoral Fellow in Neurogenetics	NEW	Rama 2. Aparece en el buscador de Science Careers (query 'statistical genetics', 2026-09-07); la pagina de detalle devuelve HTTP 403 al fetch, un solo intento, no verificado.	https://jobs.sciencecareers.org/job/679674/postdoctoral-fellow-in-neurogenetics/
2026-09-07	positions	postdocs	P-0020	Postdoctoral Fellow - Statistical Genetics and Artificial Intelligence	NEW	Rama 5 (buzon y novedad), barrido de jobRxiv (SRC-0035) el 2026-09-07. Anuncio leido en jobRxiv (publicado 2026-08-22) y confirmado de forma independiente por researchersjob.com y por la pagina del programa de postdocs de Amgen; no se abrio la ficha del portal Workday de Amgen, de ahi LIKELY y no VE	https://jobrxiv.org/job/postdoctoral-fellow-statistical-genetics-and-artificial-intelligence/
2026-09-07	positions	postdocs	P-0021	Postdoctoral Scholar/Researcher in Statistical Genetics - Young Lab	NEW	Rama 5 (buzon y novedad), barrido de jobRxiv (SRC-0035) el 2026-09-07. Solo se leyo la ficha agregada de jobRxiv, que declara el anuncio caducado; no se abrio ninguna pagina de UCLA, por eso UNVERIFIED y por eso el nombre del PI no se afirma.	https://jobrxiv.org/?post_type=job_listing&p=117072
2026-09-07	positions	postdocs	P-0022	Clinical Research Associate (farmacogenomica clinica)	NEW	Rama 5 (buzon y novedad), tablon de empleo de la ISPG (SRC-0030) el 2026-09-07. Los datos proceden del anuncio reproducido en el tablon de la ISPG; no se abrio el portal Oracle de la universidad, por eso UNVERIFIED.	https://iaejup.fa.ocs.oraclecloud.com/hcmUI/CandidateExperience/en/sites/UOA-Careers/job/3142/
2026-09-07	positions	postdocs	P-0004	Postdoctoral Researcher in Psychiatric and Genetic Epidemiology (ERC StressGene)	UPDATED	Last_Verified=2026-09-07; Source_Note=Rama 1 (EURAXESS). 2026-09-07: reabierta la URL del anuncio 557315 y confirmado que ya no existe, devuelve la lista generica de busqueda de EURAXESS. Matiz importante: en esta pasada CUALQUIER URL de euraxess.ec.europa.eu/jobs devolvio esa misma lista generica a	https://euraxess.ec.europa.eu/jobs/557315
2026-09-07	positions	postdocs	P-0007	Postdoc in method development in human statistical genetics (classification of complex traits)	UPDATED	Status=CLOSED; Deadline=2026-05-01; Start_Date=2026-10-01; Confidence=LIKELY; Last_Verified=2026-09-07; Fit_Rationale=Tema exactamente su linea 1, genetica estadistica de rasgos complejos humanos, y el grupo de Doug Speed construye LDAK y SumHer, herramientas que ella ya usa aguas abajo, lo que da u	https://www.nature.com/naturecareers/job/12856703/postdoc-position-in-method-development-in-human-statistical-genetics-with-a-focus-on-classificat-/
2026-09-07	positions	postdocs	P-0006	Postdoctoral Research Scientist in host genetics and data integration for liver cancer risk prediction	UPDATED	Status=OPEN; Deadline=2026-09-11; Confidence=VERIFIED; Last_Verified=2026-09-07; Source_Note=Rama 2, 2026-09-07: sigue listado y activo en jobs.ac.uk (ref DSR614, cierre 11 Sep, 39.424-47.779 GBP). Aparece en tres busquedas distintas (statistical genetics, polygenic, genetic epidemiology).	https://www.jobs.ac.uk/job/DSR614/postdoctoral-research-scientist-in-host-genetics-and-data-integration-for-liver-cancer-risk-predication-and-early-detection
2026-09-07	positions	postdocs	P-0013	Postdoctoral Research Associate in Epidemiology and Health Data Science	UPDATED	Status=CLOSED; Confidence=VERIFIED; Last_Verified=2026-09-07; Source_Note=Rama 2, 2026-09-07: anuncio DSM851 de QMUL Wolfson Institute of Population Health visto en jobs.ac.uk con fecha de cierre 06 Sep 2026, ya pasada. Convocatoria agotada.	https://www.jobs.ac.uk/job/DSM851/postdoctoral-research-associate-in-epidemiology-and-health-data-science
2026-09-07	positions	postdocs	P-0012	Junior Research Data Scientist	UPDATED	Status=CLOSED; Confidence=LIKELY; Last_Verified=2026-09-07; Source_Note=Rama 2, 2026-09-07: plazo 03-09-2026 vencido y no reaparece en ninguna de las cinco busquedas tematicas de jobs.ac.uk. Base = plazo vencido, no se abrio la pagina del anuncio.	https://www.jobs.ac.uk/job/DSR260/junior-research-data-scientist
2026-09-07	positions	postdocs	P-0015	Clinical Research Associate (IoPPN)	UPDATED	Status=CLOSED; Confidence=LIKELY; Last_Verified=2026-09-07; Source_Note=Rama 2, 2026-09-07: plazo 27-08-2026 vencido; no figura ya en las busquedas de jobs.ac.uk. Base = plazo vencido.	https://www.kcl.ac.uk/jobs/154086-clinical-research-associate
2026-09-07	positions	postdocs	P-0016	Clinical Research Fellow (IoPPN)	UPDATED	Status=CLOSED; Confidence=LIKELY; Last_Verified=2026-09-07; Source_Note=Rama 2, 2026-09-07: plazo 01-09-2026 vencido. OJO: KCL Psychological Medicine tiene ahora un Clinical Research Fellow con cierre 18-09-2026 (DST268) que podria ser su reedicion; se registra como fila nueva y queda por confirmar 	https://www.kcl.ac.uk/jobs/155765-clinical-research-fellow
2026-09-07	positions	postdocs	P-0014	Research Assistant (Moondance Dementia Laboratory)	UPDATED	Confidence=UNVERIFIED; Last_Verified=2026-09-07; Source_Note=Rama 2, 2026-09-07: NO CONFIRMADO. El portal eploy de Cardiff responde en https://cardiffuniweb.eploy.net/vacancies/ pero solo devuelve la pagina 1 de 3 y la paginacion (?page=2) reenvia a la 1, asi que no se pudo ver el listado completo. 	https://cardiffuniweb.eploy.net/vacancies/vacancy-search-results.aspx?culture=en-GB
2026-09-07	positions	postdocs	P-0002	Postdoctoral Research Scientist in Statistical Genomics / Genetic Epidemiology	UPDATED	Status=ROLLING; Deadline=; Start_Date=2026-12-01 (negociable); Salary_EUR_Year=73999-91055 bruto (incl. 8% de paga de vacaciones), segun experiencia; Duration=3 anos; Confidence=LIKELY; Last_Verified=2026-09-07; Next_Action=En Q4 2027, con la defensa a la vista, escribir a Beate St Pourcain (beate.s	https://recruitingapp-5569.de.umantis.com/Vacancies/496/Description/2?lang=eng
2026-09-07	positions	jobs	J-0007	Convocatorias de empleo FIMABIS / IBIMA-Plataforma BIONAND (portal RFGI-SSPA)	NEW	Rama 3 (instituciones). Ruta descubierta abriendo https://ibima.eu/es/trabaja-con-nosotros/, que enlaza este portal como su unica via de ofertas publicas; portal abierto y confirmado vivo el 2026-09-07. Las convocatorias individuales no se listan sin navegar por el portal (contenido cargado tras la 	https://www.rfgi.es/ConvocatoriasPropiasFIMABIS/es/Convocatorias/DesgloseEstadoTipoConvocatoria/FIMAB_EM
2026-09-07	positions	jobs	J-0008	Seleccion temporal de FEA del SERGAS (listas de contratacion, Galicia)	NEW	Rama 4 (mas alla de la academia), carril 2 sistema publico. Pagina Tier 1 abierta y leida el 2026-09-07 tras redireccion 301 de sergas.es a sergas.gal. La ventana anual 1-marzo/30-abril procede de la pagina general de contratacion temporal de la Xunta (Tier 2) y queda marcada como LIKELY dentro de l	https://www.sergas.gal/Recursos-Humanos/Emprego-publico-Seleccion-temporal?idioma=es
2026-09-07	positions	jobs	J-0009	Bolsa de trabajo temporal de Osakidetza - categoria Laboratorio Clinico (sustituye a Analisis Clinicos y Bioquimica Clinica)	NEW	Rama 4 (mas alla de la academia), carril 2 sistema publico. Pagina Tier 1 de Osakidetza abierta y leida el 2026-09-07: las fechas 06-07-2026 y 27-07-2026 y la Resolucion 1060/2026 son literales de la pagina. La naturaleza de la categoria (facultativo frente a tecnico) queda expresamente sin verifica	https://www.osakidetza.euskadi.eus/contratacion-temporal/webosk00-procon/es/
2026-09-07	positions	jobs	J-0003	Via transitoria al titulo de especialista en Genetica Medica y en Genetica de Laboratorio (dos reales decretos separados, aun sin publicar)	UPDATED	Name=Via transitoria al titulo de especialista en Genetica Medica y en Genetica de Laboratorio (dos reales decretos separados, aun sin publicar); Status=PENDING; Open_Date=; Deadline=; Requirements_Key=Serian dos titulos y dos reales decretos distintos: Genetica Medica reservada a titulados en Medic	https://www.sanidad.gob.es/normativa/audiencia/home.htm
2026-09-07	positions	sources	SRC-0097	MSCA - paginas oficiales de convocatoria por ano (Postdoctoral Fellowships)	NEW	El calendario completo de cada edicion de las MSCA Postdoctoral Fellowships (lanzamiento, plazo, notificacion, firma y arranque de proyectos) y el presupuesto, en HTML plano legible por un agente. Es la unica via hallada que publica las fechas que el Funding and Tenders Portal esconde tras JavaScrip	https://marie-sklodowska-curie-actions.ec.europa.eu/node/1496
2026-09-07	positions	sources	SRC-0098	MSCA COFUND 2027 - pagina de convocatoria	NEW	Las instituciones que en 2027 piden cofinanciacion para montar programas propios de becas postdoctorales. Los programas seleccionados arrancan en enero de 2028 y sacan sus primeras convocatorias de becarios en 2028-2029, justo la ventana de la candidata.	https://marie-sklodowska-curie-actions.ec.europa.eu/funding/msca-cofund-2027
2026-09-07	positions	sources	SRC-0099	FIMABIS / IBIMA-Plataforma BIONAND - convocatorias de empleo (portal RFGI-SSPA)	NEW	Convocatorias de empleo temporal de investigacion del instituto de investigacion sanitaria de su propio hospital en Malaga: titulado superior, investigador postdoctoral, tecnico, bioinformatica y bioestadistica	https://www.rfgi.es/ConvocatoriasPropiasFIMABIS/es/Convocatorias/DesgloseEstadoTipoConvocatoria/FIMAB_EM
2026-09-07	positions	sources	SRC-0100	CNIO - ofertas de empleo	NEW	Ofertas del Centro Nacional de Investigaciones Oncologicas por categorias (jefes de grupo, investigadores cientificos, postdoctorales, tecnicos, unidades clinicas)	https://www.cnio.es/acerca-del-cnio/ofertas-de-empleo/
2026-09-07	positions	sources	SRC-0101	IMIM - Hospital del Mar Research Institute, ofertes de treball	NEW	Oferta publica, convocatorias temporales, bolsas de trabajo y convocatorias externas del IMIM, que tiene grupo de genetica psiquiatrica en el PRBB de Barcelona	https://www.imim.es/ofertes/ofertes-treball/
2026-09-07	positions	sources	SRC-0102	CIBER (consorcio, incluye CIBERSAM) - empleo	NEW	Ofertas de empleo del consorcio CIBER, incluidas plazas de estadistica y epidemiologia en grupos de CIBERSAM y contratos indefinidos de personal propio	https://www.ciberisciii.es/empleo
2026-09-07	positions	sources	SRC-0103	Sociedad Espanola de Epidemiologia - ofertas de empleo	NEW	Reboteo de ofertas de empleo espanolas de epidemiologia y bioestadistica, incluidas convocatorias del CIBER y de institutos de investigacion sanitaria que no salen en agregadores	https://seepidemiologia.es/
2026-09-07	positions	sources	SRC-0104	SERGAS - seleccion temporal de FEA y listas de contratacion (Galicia)	NEW	Las convocatorias de seleccion temporal de facultativo especialista de area por hospital y area sanitaria, con fecha de publicacion y plaza, mas el acceso a las listas generales de contratacion. Es el mecanismo permanente de entrada al SERGAS, paralelo a la OPE.	https://www.sergas.gal/Recursos-Humanos/Emprego-publico-Seleccion-temporal?idioma=es
2026-09-07	positions	sources	SRC-0105	Osakidetza - contratacion temporal (bolsas de trabajo del Servicio Vasco de Salud)	NEW	Las resoluciones de apertura de plazo de inscripcion en las bolsas de contratacion temporal por categoria, con fechas literales de apertura y cierre, y los cambios de denominacion de categoria. Aqui se detecto que Osakidetza ya ha creado la lista de Laboratorio Clinico en sustitucion de Analisis Cli	https://www.osakidetza.euskadi.eus/contratacion-temporal/webosk00-procon/es/
2026-09-07	positions	sources	SRC-0106	Amgen R&D Postdoctoral Fellows Program - portal de postdocs	NEW	Programa recurrente de postdocs de Amgen (3 anos ampliables a 4) en I+D, incluida la sede de Amgen deCODE genetics en Reykjavik, con plazas de genetica estadistica y genomica computacional.	https://careers.amgen.com/en/Postdoctoral
2026-09-07	positions	subscriptions	SUB-0011	EU Funding and Tenders Portal - busqueda guardada con aviso por correo	NEW	Aviso por correo cuando cambia el estado de los topics vigilados (Forthcoming a Open) y cuando aparecen los topics del programa marco sucesor de Horizonte Europa.	https://ec.europa.eu/info/funding-tenders/opportunities/portal/screen/opportunities/topic-search
2026-09-07	positions	subscriptions	SUB-0012	jobs.ac.uk - alerta por correo de busqueda guardada	NEW	Correo con los anuncios nuevos que casan con palabras clave guardadas (statistical genetics, psychiatric genetics, polygenic, GWAS, genetic epidemiology)	https://www.jobs.ac.uk/jobs-by-email
2026-09-07	ecosystem	groups	L-0012	Grupo de genetica estadistica psiquiatrica de Wouter Peyrot (proyecto ERC PersonalRiskProfile)	NEW	Es el encaje mas limpio de toda la pasada: linea 1 y linea 2 de ella a la vez (genetica estadistica de rasgos complejos aplicada a GWAS/PRS psiquiatricos), tecnicas exactamente las que despliega sola (PLINK, R, algo de Python) y cero exigencia de neuroimagen o electrofisiologia. Culturalmente es el 	https://www.amsterdamumc.org/en/research/institutes/amsterdam-public-health/news/wouter-peyrot-awarded-erc-starting-grant-for-personalized-genetic-risk-profiles-in-psychiatry-1
2026-09-07	ecosystem	groups	L-0013	Grupo de Kelli Lehto, Instituto de Genomica (proyecto ERC AT-TENSION)	NEW	Linea 2 pura (GWAS/PRS de salud mental) con la metodologia exacta que ella despliega sola y ni una sola tecnica que no domine. Es un grupo pequeno y en construccion alrededor de un ERC fresco, lo que da dos ventajas raras a la vez: financiacion asegurada varios anos y competencia mas baja que en los	https://ut.ee/en/news/erc-grant-helps-explore-innovative-approaches-improve-diagnosis-adhd-adults
2026-09-07	ecosystem	groups	L-0014	Grupo de Psiquiatria Infantil y Genetica del Comportamiento de Christel Middeldorp	NEW	Es el unico grupo de la pasada que toca a la vez las lineas 2 y 3 de ella: genetica de la psicopatologia infantil, con cohortes de desarrollo y modelos de gemelos, que es el sustrato natural donde meter la genetica del sueno en lactantes y ninos pequenos. Las tecnicas son las suyas (GWAS, PRS, longi	https://www.amsterdamumc.org/en/research/researchers/christel-middeldorp.htm
2026-09-07	ecosystem	groups	L-0015	Division of Psychiatry / grupo de psiquiatria biologica de Andrew McIntosh (Generation Scotland, UKRI Mental Health Platform)	NEW	Linea 2 en su version mas potente: es uno de los grupos que define el GWAS de la depresion a escala mundial, con Generation Scotland detras y el paper de Cell de 2025 como prueba de que ahi se publica en la primera division. Las tecnicas nucleares (GWAS, PRS, metilacion) son las que ella despliega s	https://www.research.ed.ac.uk/en/persons/andrew-mcintosh
2026-09-07	ecosystem	groups	L-0016	Grupo de metodos estadisticos genomicos de Pier Francesco Palamara (proyecto ERC ARGgen)	NEW	Da de lleno en la linea 1 declarada como preferente (genetica estadistica de rasgos complejos) y con dinero recien concedido, que es justo el momento en que un PI contrata y todavia nadie ha anunciado nada. Ninguna tecnica del grupo cae en su zona supervisada: no hay neuroimagen ni electrofisiologia	https://erc.europa.eu/system/files/2025-12/erc-2025-cog-results_ls.pdf
2026-09-07	ecosystem	groups	L-0017	Huckins Lab (genomica psiquiatrica computacional)	NEW	Linea 2 con una vuelta de tuerca metodologica util: es genetica psiquiatrica computacional donde el PRS clasico se extiende hacia lo multi-omico, asi que ella entra con lo que ya sabe (GWAS/PRS en PLINK y R) y sale sabiendo algo que hoy no sabe. Cero exigencia de tecnicas de su zona supervisada. Es 	https://medicine.yale.edu/profile/laura-huckins/
2026-09-07	ecosystem	groups	L-0018	Development and Neurodiversity Lab (DIVE), estudios de gemelos BATSS y EASE	NEW	Es el unico grupo que he encontrado esta semana que trabaja exactamente en la linea 3 de ella, genetica del sueno en lactantes, y no en sueno adulto reetiquetado: mide calidad del sueno, capacidad de calmarse y llanto a los 2 y 5 meses en una cohorte de gemelos propia y ya recogida, y ademas usa pun	https://acamh.onlinelibrary.wiley.com/doi/10.1002/jcv2.70023
2026-09-07	ecosystem	groups	L-0019	Sanchez-Roige Lab	NEW	Encaje plausible pero condicionado: la metodologia es exactamente la suya (GWAS y PRS a escala de biobanco sobre fenotipos psiquiatricos) y el laboratorio es grande, bien conectado con el PGC y con financiacion NIH declarada, pero el fenotipo central (uso de sustancias e impulsividad) no es ninguna 	https://www.sanchezroigelab.org/
2026-09-07	ecosystem	groups	L-0001	Complex Trait Genetics (CTG) Lab	UPDATED	columnas: Change_Flag, Last_Updated, Last_Verified, Openings_Known, Source_Note	https://cncr.nl/ctg/
2026-09-07	ecosystem	groups	L-0002	Psychiatric Genetics Group	UPDATED	columnas: Change_Flag, Contact_Route, Last_Updated, Last_Verified, Next_Action, Openings_Known, Source_Note	https://www.qimrb.edu.au/researchers-and-labs/psychiatric-genetics
2026-09-07	ecosystem	groups	L-0003	Center for Quantitative Genetics and Genomics (grupo Speed)	UPDATED	columnas: Change_Flag, Confidence, Contact_Route, Funding_Status, Last_Updated, Last_Verified, Next_Action, Openings_Known, Source_Note	https://www.nature.com/naturecareers/job/12856703/
2026-09-07	ecosystem	groups	L-0004	Generation R - genetica del sueno infantil	UPDATED	columnas: Change_Flag, Confidence, Contact_Route, Fit_Rationale, Last_Updated, Last_Verified, Next_Action, Openings_Known, PI, Source_Note	https://acamh.onlinelibrary.wiley.com/doi/10.1111/jcpp.13899
2026-09-07	ecosystem	groups	L-0005	MRC Centre for Neuropsychiatric Genetics & Genomics	UPDATED	columnas: Change_Flag, Confidence, Funding_Status, Last_Updated, Last_Verified, Next_Action, Openings_Known, Source_Note	https://www.cardiff.ac.uk/centre-neuropsychiatric-genetics-genomics
2026-09-07	ecosystem	groups	L-0006	SGDP Centre / Statistical Genetics Unit	UPDATED	columnas: Change_Flag, Confidence, Last_Updated, Last_Verified, Next_Action, Openings_Known, PI, Source_Note	https://www.kcl.ac.uk/research/sgu
2026-09-07	ecosystem	groups	L-0007	Grotzinger Lab (genomica psiquiatrica multivariante)	UPDATED	columnas: Change_Flag, Last_Updated, Last_Verified, Next_Action, Openings_Known, Recent_Output, Source_Note, URL	https://www.colorado.edu/ibg/andrew-grotzinger
2026-09-07	ecosystem	groups	L-0008	Saxena Lab (genomica del sueno y circadiana)	UPDATED	columnas: Change_Flag, Confidence, Contact_Route, Last_Updated, Last_Verified, Next_Action, Openings_Known, Recent_Output, Source_Note	https://saxena.mgh.harvard.edu/
2026-09-07	ecosystem	groups	L-0009	Estonian Genome Centre / grupo de genetica estadistica del Estonian Biobank	UPDATED	columnas: Change_Flag, Confidence, Last_Updated, Last_Verified, Next_Action, Openings_Known, Research_Lines, Source_Note	https://genomics.ut.ee/en
2026-09-07	ecosystem	groups	L-0010	Grupo de Neurogenetica (Depto de Genetica, UB)	UPDATED	columnas: Change_Flag, Confidence, Last_Updated, Last_Verified, Next_Action, Source_Note	https://www.ub.edu/genetica/
2026-09-07	ecosystem	groups	L-0011	Population Genetics of Human Communication (PGHC) - Departamento de Language & Genetics, Max Planck	UPDATED	columnas: Change_Flag, Competition_Basis, Competition_Level, Confidence, Contact_Route, Fit_1_5, Fit_Rationale, Funding_Status, Last_Updated, Last_Verified, Name, Next_Action, Openings_Known, PI, Recent_Output, Research_Lines, Source_Note, Techniques, URL	https://www.mpi.nl/career-education/vacancies/vacancy/3-year-postdoctoral-research-scientist-position-statistical-0
2026-09-07	ecosystem	events	E-0011	BGA 2028 - 58th Annual Meeting of the Behavior Genetics Association	NEW	Es la sala natural de su linea 1 (genetica estadistica de rasgos complejos) y cae en la UE, sin visado y con vuelo barato via Tallin/Helsinki, en 2028: con la tesis defendida en feb-2028 y sus dos primeros autores ya publicados llegaria en posicion de pedir charla oral en vez de poster. La sede es e	https://bga.org/content.aspx?page_id=22&club_id=971921&module_id=567675
2026-09-07	ecosystem	events	E-0012	ASHG 2027 - 77th Annual Meeting of the American Society of Human Genetics	NEW	Es el escaparate mundial de sus lineas 1 y 2: sesiones de genetica estadistica, GWAS y PRS a diario y todo el ecosistema de consorcios psiquiatricos en el mismo pasillo. Octubre-2027 cae cinco meses despues de acabar la residencia (22-may-2027), asi que por primera vez podria ir sin gastar dias de l	https://www.ashg.org/meetings/future-past/
2026-09-07	ecosystem	events	E-0013	World Sleep 2027 - Congress of the World Sleep Society	NEW	Es el foro mas grande de su linea 3 (sueno infantil) y el unico donde su revision en Journal of Sleep Research y el trabajo de genetica del sueno se leen ante la comunidad completa, no ante un subgrupo. Septiembre-2027 esta ya fuera de la residencia, asi que el reloj le juega a favor; pesa en contra	https://worldsleepsociety.org/world-sleep-2027-in-montreal/
2026-09-07	ecosystem	events	E-0014	XXXV Reunion Anual de la Sociedad Espanola de Sueno (SES 2027)	NEW	Congreso nacional, barato y sin vuelo, con seccion pediatrica donde su revision de sueno en lactantes encaja; el contenido genetico es escaso, por eso no pasa de plausible.	https://congreso-ses.com/ses2027/bienvenida
2026-09-07	ecosystem	events	E-0015	Jornada AEGH 2027 (Asociacion Espanola de Genetica Humana)	NEW	Reunion nacional barata que cruza sus dos identidades (residente de Medicina de Laboratorio y genetista) y sirve para red de contactos en Espana, aunque el peso de genetica estadistica de rasgos complejos es bajo.	https://aegh.org/congresos-y-jornadas-aegh/
2026-09-07	ecosystem	events	E-0001	World Congress of Psychiatric Genetics (WCPG) 2026	UPDATED	columnas: Change_Flag, Confidence, Last_Updated, Last_Verified, Next_Action, Source_Note, Travel_Grant_Available	https://ispg.net/wcpg-2026/
2026-09-07	ecosystem	events	E-0002	ASHG 2026 Annual Meeting	UPDATED	columnas: Change_Flag, Confidence, Cost_EUR, Deadline, Last_Updated, Last_Verified, Next_Action, Source_Note	https://ashgmeeting.ashg.org/
2026-09-07	ecosystem	events	E-0004	Behavior Genetics Association (BGA) 2027 Annual Meeting	UPDATED	columnas: Change_Flag, City, Confidence, Country, End_Date, Fit_Rationale, Last_Updated, Last_Verified, Next_Action, Source_Note, Start_Date	https://bga.org/
2026-09-07	ecosystem	events	E-0007	Sleep Europe 2026 (28th ESRS Congress)	UPDATED	columnas: Change_Flag, City, Confidence, End_Date, Last_Updated, Last_Verified, Next_Action, Source_Note	https://esrs.eu/sleep-congress/abstracts/
2026-09-07	ecosystem	events	E-0008	SLEEP 2027 (APSS Annual Meeting)	UPDATED	columnas: Change_Flag, Confidence, End_Date, Last_Updated, Last_Verified, Next_Action, Source_Note, Start_Date	https://www.sleepmeeting.org/
2026-09-07	ecosystem	events	E-0009	Neuroscience 2026 (SfN Annual Meeting)	UPDATED	columnas: Abstract_Deadline, Change_Flag, Confidence, Deadline, Last_Updated, Last_Verified, Next_Action, Source_Note	https://www.sfn.org/meetings/neuroscience-2026
2026-09-07	ecosystem	training	T-0007	Advanced Mendelian Randomization	NEW	Cierra de lleno el hueco de aleatorizacion mendeliana avanzada que ella no domina sola (metodos robustos a pleiotropia, MR multivariante, MR intrafamiliar, multiancestral, sesgo de colisionador), pero exige haber hecho antes el curso introductorio de MR (T-0003, marzo-2027), asi que su edicion reali	https://www.bristol.ac.uk/medical-school/short-courses-and-cpd/short-courses/courses/advanced-mr/
2026-09-07	ecosystem	training	T-0008	Machine Learning with Omics Data	NEW	Toca su hueco de bioinformatica de datos omicos y ademas cae en junio de 2027, ya fuera de la residencia, pero no es genetica estadistica nuclear y no he podido leer cuota ni programa detallado.	https://www.bristol.ac.uk/medical-school/short-courses-and-cpd/short-courses/courses/
2026-09-07	ecosystem	training	T-0009	Molecular Epidemiology	NEW	Datos omicos y multiomicos con enfoque causal, util para su hueco de bioinformatica omica, pero cae en plena residencia y solapa parcialmente con el curso de epidemiologia genetica que ya tiene fichado.	https://www.bristol.ac.uk/medical-school/short-courses-and-cpd/short-courses/courses/
2026-09-07	ecosystem	training	T-0010	From Genetic Variants to Risk Prediction (UniTartu Summer School)	NEW	Escuela de verano en la UE (sin visado), barata y practica, que cubre control de calidad, PCA/UMAP, GWAS, puntuaciones poligenicas y flujos de trabajo reproducibles en R/Python y Unix, es decir refuerza su parte de programacion y buenas practicas; pero gran parte del contenido GWAS/PRS ya lo maneja 	https://ut.ee/en/content/genetic-variants-risk-prediction
2026-09-07	ecosystem	training	T-0001	International Statistical Genetics Workshop (el 'Boulder Workshop')	UPDATED	columnas: Change_Flag, Confidence, Cost_EUR, End_Date, Fit_Rationale, Funding_Available, Last_Updated, Last_Verified, Next_Action, Source_Note	https://www.colorado.edu/ibg/workshop-2027
2026-09-07	ecosystem	training	T-0002	Genetic Epidemiology (short course)	UPDATED	columnas: Change_Flag, City_or_Online, Confidence, Cost_EUR, End_Date, Funding_Available, Last_Updated, Last_Verified, Next_Action, Source_Note	http://www.bristol.ac.uk/medical-school/short-courses-and-cpd/short-courses/courses/genetic-epidemiology/
2026-09-07	ecosystem	training	T-0003	Mendelian Randomization (short course)	UPDATED	columnas: Change_Flag, City_or_Online, Confidence, Cost_EUR, End_Date, Funding_Available, Last_Updated, Last_Verified, Next_Action, Source_Note	http://www.bristol.ac.uk/medical-school/short-courses-and-cpd/short-courses/courses/mr/
2026-09-07	ecosystem	training	T-0004	Genetic Analysis of Population-based Association Studies	UPDATED	columnas: Change_Flag, Confidence, Last_Updated, Last_Verified, Next_Action, Source_Note	https://coursesandconferences.wellcomeconnectingscience.org/event/genetic-analysis-of-population-based-association-studies-20240902/
2026-09-07	ecosystem	training	T-0005	CAJAL Course: Neurobiology of Sleep	UPDATED	columnas: Change_Flag, Confidence, Cost_EUR, End_Date, Funding_Available, Last_Updated, Last_Verified, Next_Action, Source_Note, Start_Date	https://cajal-training.org/courses/
2026-09-14	positions	postdocs	P-0023	Postdoctoral Research Fellowship in Multi-Omics at Centre for Precision Psychiatry	NEW	El Centre for Precision Psychiatry (NORMENT) es el grupo europeo que mejor solapa con sus lineas 1 y 2: metodos estadisticos sobre datos geneticos humanos a gran escala (GWAS, scores poligenicos, arquitectura poligenica compartida) aplicados a trastornos psiquiatricos graves, y ademas trabaja con ne	https://www.jobbnorge.no/en/available-jobs/job/301627/postdoctoral-research-fellowship-in-multi-omics-at-centre-for-precision-psychiatry
2026-09-14	positions	postdocs	P-0024	Postdoc in Computational Genomics	NEW	Tecnicamente es su caja de herramientas exacta (GWAS, PRS, imputacion, R/Python sobre biobancos), pero el fenotipo es cardiometabolico, no psiquiatrico ni de sueno, asi que seria un giro de tema respecto a sus lineas 1-3; ademas exige doctorado defendido y arranque en nov-2026, imposible con la resi	https://employment.ku.dk/faculty/?show=162794
2026-09-14	positions	postdocs	P-0025	Postdoctoral Research Fellow in Statistical Genetics / Genetic Epidemiology	NEW	Es la descripcion mas parecida a su linea 1 y 2 que ha aparecido en tres pasadas: GWAS a gran escala en UK Biobank y randomizacion mendeliana es exactamente lo que hace con PLINK y R en su tesis de genetica estadistica, y el EGG Consortium (rasgos de crecimiento y desarrollo infantil) conecta de for	https://scholarshipdb.net/jobs-in-Australia/Postdoctoral-Research-Fellow-In-Statistical-Genetics-Genetic-Epidemiology-The-University-Of-Queensland=YeqPUAjM7BGUYQAlkGUTnw.html
2026-09-14	positions	postdocs	P-0026	Postdoctoral Research Fellow in Genomics and Youth Mental Health	NEW	Cruza sus tres activos a la vez: la linea 2 (GWAS/PRS de trastornos psiquiatricos) es el nucleo del puesto, el angulo de farmacogenetica es justo lo que su residencia de Medicina de Laboratorio le da y casi ningun candidato de genetica estadistica tiene, y el foco en poblacion infantil y juvenil enl	https://www.uq.edu.au/childhealthresearchcentre/
2026-09-14	positions	postdocs	P-0027	Research Fellow (Genetic Analysis)	NEW	Metodologicamente encaja (analisis caso-control y fenotipos cuantitativos en R/Python) pero no es elegible: el contrato arranca el 01-09-2026 y termina el 31-08-2027, mientras ella sigue de residente en Malaga hasta el 22-05-2027; interesa solo como contacto de laboratorio, el grupo de Altmann combi	https://www.jobs.ac.uk/job/DSW126/research-fellow-genetic-analysis
2026-09-14	positions	postdocs	P-0028	Bioinformatician	NEW	Es un puesto de plantilla bioinformatica, no de investigacion propia, y con plazo el 23-09-2026, muy anterior a su disponibilidad (22-05-2027): se registra solo para no redescubrirlo y porque confirma que Medical & Molecular Genetics de KCL contrata con regularidad.	https://www.jobs.ac.uk/job/DSU830/bioinformatician
2026-09-14	positions	postdocs	P-0029	Postdoctoral Research Fellow/Research Fellow in Statistical Genomics (R-68861)	NEW	Es su linea 1 literal (genetica estadistica de rasgos complejos) en el grupo de referencia mundial del area, el PCTG que ella ya conoce de oidas por su estancia en QIMR Berghofer (mismo ecosistema de Brisbane), y el perfil MD le daria valor en la interpretacion clinica de fenotipos; pero NO es elegi	https://uq.wd3.myworkdayjobs.com/uqcareers/job/St-Lucia-Campus/Postdoctoral-Research-Fellow-Research-Fellow-in-Statistical-Genomics_R-68861-2
2026-09-14	positions	postdocs	P-0030	Research Assistant - estudio CONNECT	NEW	Puesto de asistente pre-doctoral sin componente de genetica estadistica y ademas incompatible con su residencia hasta mayo de 2027; se registra solo para no redescubrirlo y como senal de que el MRC Centre de Cardiff sigue contratando.	https://cardiffuniweb.eploy.net/vacancies/447/research-assistant.html
2026-09-14	positions	postdocs	P-0031	Postdoctoral Research Associate (proyecto Youth Endowment Fund, CRIS)	NEW	Es epidemiologia de registros clinicos (CRIS/SLaM) sobre TDAH y violencia juvenil, no genetica estadistica ni GWAS/PRS, y cierra el 21-09-2026 cuando ella no esta disponible; se registra para no redescubrirlo y porque confirma que el IoPPN publica postdocs de forma continua.	https://www.kcl.ac.uk/jobs/157565-postdoctoral-research-associate
2026-09-14	positions	postdocs	P-0032	Research Associate at the Human Functional Genomics Initiative	NEW	Puesto de poyata (organoides cerebrales, cultivo de iPSC) sin componente de genetica estadistica: fuera de su perfil.	https://www.kcl.ac.uk/jobs/155527-research-associate-at-the-human-functional-genomics-initiative
2026-09-14	positions	postdocs	P-0033	Postdoctoral researcher in genome stability and neurotoxicity	NEW	Biologia molecular de estabilidad genomica, no epidemiologia genetica ni genetica del sueno: fuera de su perfil; se registra para no redescubrirlo.	https://www.werkenbijerasmusmc.nl/vacature/1307326/postdoctoral-researcher-genome-stability-and-neurotoxicity-3-years-3416
2026-09-14	positions	postdocs	P-0034	Computational Scientist II - Karczewski Lab (ref 44894)	NEW	Genomica poblacional computacional de alto nivel (entorno gnomAD): tematicamente vecino a su linea 1 pero es un puesto de staff con exigencia fuerte de ingenieria de datos y programacion que hoy no tiene, ademas de requerir visado H-1B/J-1.	https://broadinstitute.avature.net/en_US/careers/JobDetail/Computational-Scientist-II-Karczewski-Lab/22501
2026-09-14	positions	postdocs	P-0035	Postdoctoral Associate - Computational Biology (ref 44829)	NEW	Postdoc de biologia computacional en el Broad sin laboratorio identificado en el listado: puede o no ser del Stanley Center, hace falta abrir la ficha antes de valorarlo de verdad.	https://broadinstitute.avature.net/en_US/careers/JobDetail/Postdoctoral-Associate-Computational-Biology/22430
2026-09-14	positions	postdocs	P-0006	Postdoctoral Research Scientist in host genetics and data integration for liver cancer risk prediction	UPDATED	columnas: Change_Flag, Confidence, Deadline, Last_Verified, Next_Action, Status	https://www.jobs.ac.uk/job/DSR614/postdoctoral-research-scientist-in-host-genetics-and-data-integration-for-liver-cancer-risk-predication-and-early-detection
2026-09-14	positions	postdocs	P-0018	Clinical Research Fellow (Psychological Medicine)	UPDATED	columnas: Change_Flag, Confidence, Deadline, Last_Verified, Next_Action, Salary_EUR_Year, Status	https://www.jobs.ac.uk/job/DST268/clinical-research-fellow
2026-09-14	positions	postdocs	P-0014	Research Assistant (Moondance Dementia Laboratory)	UPDATED	columnas: Change_Flag, Confidence, Last_Verified, Next_Action	https://cardiffuniweb.eploy.net/vacancies/vacancy-search-results.aspx?culture=en-GB
2026-09-14	positions	postdocs	P-0003	Postdoctoral Fellow in Psychiatric Genomics	UPDATED	columnas: Change_Flag, Confidence, Last_Verified, Next_Action	https://www.nature.com/naturecareers/job/postdoctoral-fellow-in-psychiatric-genomics-icahn-school-of-medicine-at-mount-sinai-ismms-mshs-754125
2026-09-14	positions	postdocs	P-0011	Postdoctoral positions in human population genetics, complex disease and cancer	UPDATED	columnas: Change_Flag, Confidence, Last_Verified, Next_Action	https://www.nature.com/naturecareers/job/postdoctoral-positions-in-human-population-genetics-complex-disease-and-cancer-in-new-york-city-usa-albert-einstein-college-of-medicine-einstein-757285
2026-09-14	positions	postdocs	P-0020	Postdoctoral Fellow - Statistical Genetics and Artificial Intelligence	UPDATED	columnas: Change_Flag, Confidence, Last_Verified, Next_Action	https://jobrxiv.org/job/postdoctoral-fellow-statistical-genetics-and-artificial-intelligence/
2026-09-14	positions	postdocs	P-0022	Clinical Research Associate (farmacogenomica clinica)	UPDATED	columnas: Change_Flag, Confidence, Last_Verified, Next_Action	https://iaejup.fa.ocs.oraclecloud.com/hcmUI/CandidateExperience/en/sites/UOA-Careers/job/3142/
2026-09-14	positions	postdocs	P-0002	Postdoctoral Research Scientist in Statistical Genomics / Genetic Epidemiology	UPDATED	columnas: Change_Flag, Confidence, Deadline, Last_Updated, Last_Verified, Next_Action, Source_Note, Status	https://recruitingapp-5569.de.umantis.com/Vacancies/496/Description/2?lang=eng
2026-09-14	positions	jobs	J-0010	Bolsa de Empleo Abierta y Permanente (BAPE) de Sacyl - categoria Licenciados Especialistas (incluye Analisis Clinicos y Bioquimica Clinica)	NEW	Es una via PERMANENTE, del tipo que sobrevive a su calendario: ella no puede presentarse a nada que se cierre antes del 22-05-2027, y esta bolsa admite altas en cualquier momento con cortes anuales de baremacion, asi que basta con inscribirse el mismo dia que acabe la residencia. La categoria existe	https://www.saludcastillayleon.es/profesionales/es/bolsa
2026-09-14	positions	jobs	J-0011	Borsa de treball de l'Institut Catala de la Salut - facultatiu/iva especialista	NEW	Segunda via permanente del carril publico y la primera de Cataluna en la base. Encaja con su calendario por la misma razon que Andalucia o Castilla y Leon: no hay plazo que perder, el alta es telematica y continua, y el orden depende del curriculum baremado, no de acertar una convocatoria. La condic	https://ics.gencat.cat/ca/lics/treballeu-a-lics/treball-temporal/borsa-de-treball/
2026-09-14	positions	jobs	J-0012	Statistical Geneticist Investigator (Human Genetics / Genomic Sciences)	NEW	Es el puesto arquetipico de su carril 1 y de su tecnica declarada: genetica estadistica en I+D de farma, que es exactamente GWAS/PRS con PLINK y R sobre cohortes grandes, y GSK es ademas el equipo de human genetics mas activo del sector europeo en contratacion continua. Encaja con ELLA en linea de t	https://jobs.gsk.com/en-gb/jobs/223316?lang=en-us
2026-09-14	positions	jobs	J-0013	Medical Writer (Oxford o remoto en Reino Unido) y familia de plazas de redaccion y edicion medica	NEW	Es la primera prueba de que el carril 3 existe de forma verificable, despues de dos pasadas en blanco: son plazas Tier 1 leidas en el portal del propio empleador, no anuncios de agregador. Encaja con ella de forma plausible pero no automatica: MD con ingles C2 y dos manuscritos propios en revision e	https://careers.pharmagenesis.com/vacancies/vacancy-search-results.aspx
2026-09-14	positions	jobs	J-0014	Candidatura espontanea permanente en Health in Code (genetica clinica y genomica)	NEW	Es el unico puente verificado esta semana entre su titulo de laboratorio y el sector privado espanol de genetica clinica, y tiene la ventaja de no depender de un plazo: el canal esta abierto siempre, asi que se puede usar exactamente cuando ella este disponible. Encaja con ELLA porque una empresa de	https://healthincode.com/trabaja-con-nosotros/
2026-09-14	positions	jobs	J-0001	Associate Manager, Statistical Genetics - Regeneron Genetics Center	UPDATED	columnas: Change_Flag, Confidence, Fit_Rationale, Last_Verified, Next_Action, Status	https://careers.regeneron.com/en/jobs/r48469/associate-manager-statistical-genetics-regeneron-genetics-center/
2026-09-14	positions	jobs	J-0003	Via transitoria al titulo de especialista en Genetica Medica y en Genetica de Laboratorio (dos reales decretos separados, aun sin publicar)	UPDATED	columnas: Change_Flag, Confidence, Fit_Rationale, Last_Verified, Next_Action	https://www.sanidad.gob.es/normativa/audiencia/home.htm
2026-09-14	ecosystem	groups	L-0020	KI Psychiatric Genomics Institute (KI-PGI)	NEW	Alta por descubrimiento (rama 1, angulo working groups del PGC). Fit 5, VERIFIED.	https://ki.se/en/meb/research/ki-psychiatric-genomics-institute/about-ki-pgi
2026-09-14	ecosystem	groups	L-0021	PsychGen Centre for Genetic Epidemiology and Mental Health	NEW	Alta por descubrimiento (rama 1, angulo working groups del PGC). Fit 5, VERIFIED.	https://www.fhi.no/en/me/the-psychgen-centre-for-genetic-epidemiology-and-mental-health/about-the-psychgen-centre/
2026-09-14	ecosystem	groups	L-0022	Molecular Psychiatry research group (Cognitive Neuroscience / Human Genetics)	NEW	Alta por descubrimiento (rama 1, angulo working groups del PGC). Fit 4, VERIFIED.	https://www.radboudumc.nl/en/people/barbara-franke
2026-09-14	ecosystem	groups	L-0023	iPSYCH - The Lundbeck Foundation Initiative for Integrative Psychiatric Research	NEW	Alta por descubrimiento (rama 1, angulo working groups del PGC). Fit 4, VERIFIED.	https://ipsych.dk/en/about-ipsych
2026-09-14	ecosystem	groups	L-0024	Department of Genetic Epidemiology in Psychiatry (grupo de Fabian Streit)	NEW	Alta por descubrimiento (rama 1, angulo working groups del PGC). Fit 4, UNVERIFIED.	https://pgc.unc.edu/for-researchers/working-groups/mdd/
2026-09-14	ecosystem	groups	L-0025	PGC Cross-Population Analyses Working Group (grupo de Laramie Duncan)	NEW	Alta por descubrimiento (rama 1, angulo working groups del PGC). Fit 3, LIKELY.	https://pgc.unc.edu/for-researchers/working-groups/cross-population-analyses-working-group/
2026-09-14	ecosystem	events	E-0016	EMGM 2027 - 55a European Mathematical Genetics Meeting	NEW	Alta por descubrimiento (rama 2). Fit 5, VERIFIED.	https://sites.google.com/site/emgmhome/future-meetings
2026-09-14	ecosystem	events	E-0017	GAW 2027 - Genetic Analysis Workshop (convocatoria de ideas abierta)	NEW	Alta por descubrimiento (rama 2). Fit 4, UNVERIFIED.	https://www.geneticepi.org/
2026-09-14	ecosystem	events	E-0018	XXIX Congreso Nacional de Psiquiatria 2026	NEW	Alta por descubrimiento (rama 2). Fit 2, LIKELY.	https://congresonacionaldepsiquiatria.es/
2026-09-14	ecosystem	training	T-0011	Genetic and Epigenetic Epidemiology (curso especializado del EEPE)	NEW	Alta por descubrimiento (rama 3). Fit 4, VERIFIED.	https://www.eepe.org/courses-2/
2026-09-14	ecosystem	training	T-0012	SMARTbiomed Summer School: Causal inference, statistical genetics and machine learning in common disease epidemiology and biology	NEW	Alta por descubrimiento (rama 3). Fit 4, UNVERIFIED.	https://smartbiomed.dk/news-and-events/summer-school
2026-09-14	ecosystem	training	T-0013	Polygenic scores and the PGS Catalog	NEW	Alta por descubrimiento (rama 3). Fit 2, LIKELY.	https://www.ebi.ac.uk/training/online/courses/polygenic-scores-pgs-catalog/
2026-09-14	ecosystem	groups	L-0011	Population Genetics of Human Communication (PGHC) - Departamento de Language & Genetics, Max Planck	UPDATED	Plaza reconfirmada abierta, pero se anade la reserva de calendario: piden doctorado en mano o inminente y su defensa es feb-2028. El correo antes del 8-oct cambia de objetivo: posicionarse para la ronda 2027-2028.	https://www.mpi.nl/career-education/vacancies/vacancy/3-year-postdoctoral-research-scientist-position-statistical-0
2026-09-14	ecosystem	groups	L-0004	Generation R - genetica del sueno infantil	UPDATED	CORRECCION DE CALADO: Kocevska no es jefa de grupo y no puede contratar. PI reasignado a Henning Tiemeier (Generation R). Fit baja de 5 a 4 por estructura, no por competencia.	https://hsph.harvard.edu/profile/henning-tiemeier/
2026-09-14	ecosystem	groups	L-0007	Grotzinger Lab (genomica psiquiatrica multivariante)	UPDATED	URL reparada (no estaba rota) y via T32 descartada: el NIH exige ciudadania o residencia permanente. Solo sirve contrato con fondos de proyecto. Aviso: figura como Adjunct Professor.	https://www.colorado.edu/ibg/andrew-grotzinger
2026-09-14	ecosystem	groups	L-0010	Grupo de Neurogenetica (Depto de Genetica, UB)	UPDATED	URL rota sustituida por la ficha institucional de la UB (sira.ub.edu). Sigue UNVERIFIED: la ficha solo renderiza con JavaScript.	https://sira.ub.edu/fitxes/Biologia/es/bcormand.ub.edu
2026-09-14	ecosystem	groups	L-0003	Center for Quantitative Genetics and Genomics (grupo Speed)	UPDATED	Sin nueva ronda. La plaza caducada tenia ademas incorporacion el 1-oct-2026. Localizado el portal real de vacantes de Aarhus (Emply).	https://www.nature.com/naturecareers/job/12856703/
2026-09-14	ecosystem	groups	L-0002	Psychiatric Genetics Group	UPDATED	Resuelto el pendiente: abierto el ATS propio de QIMR, ninguna plaza de genetica en todo el instituto. La unica via es el correo en frio, ya sin esperar anuncio.	https://www.qimrb.edu.au/researchers-and-labs/psychiatric-genetics
2026-09-14	ecosystem	groups	L-0006	SGDP Centre / Statistical Genetics Unit	UPDATED	Correo institucional de Cathryn Lewis localizado en la pagina de la unidad. Sin vacantes ni cambios de personal.	https://www.kcl.ac.uk/research/sgu
2026-09-14	ecosystem	groups	L-0001	Complex Trait Genetics (CTG) Lab	UPDATED	Sin plazas cientificas. Aviso de fiabilidad: la pagina no se actualiza desde 2025-2026, no es canal de vigilancia fiable.	https://cncr.nl/ctg/
2026-09-14	ecosystem	groups	L-0008	Saxena Lab (genomica del sueno y circadiana)	UPDATED	Sin cambios: la pagina de empleo sigue diciendo 'Coming Soon!'.	https://saxena.mgh.harvard.edu/
2026-09-14	ecosystem	events	E-0001	World Congress of Psychiatric Genetics (WCPG) 2026	UPDATED	Inscripcion confirmada abierta a 15 dias del congreso, sin fecha de cierre. Cuotas siguen UNVERIFIED tras segundo intento por otra puerta: escribir a info@ispg.net.	https://ispg.net/wcpg-2026/
2026-09-14	ecosystem	events	E-0002	ASHG 2026 Annual Meeting	UPDATED	RELOJ VIVO: tarifa anticipada abierta hasta el 15-sep-2026 17:00 ET. Hacerse socia antes de inscribirse ahorra ~313 EUR. Deadline fijado en esa fecha.	https://ashgmeeting.ashg.org/
2026-09-14	ecosystem	events	E-0003	ESHG Conference 2027 (European Human Genetics Conference)	UPDATED	Plazo de resumenes verificado en Tier 1: 2027-02-04 23:59 CET, congreso 12-15 jun 2027 en Rotterdam. Posible formato hibrido (Tier 2, sin confirmar).	https://2027.eshg.org/abstracts/
2026-09-14	ecosystem	events	E-0004	Behavior Genetics Association (BGA) 2027 Annual Meeting	UPDATED	Sin cambios: plazo de resumenes, cuotas y becas siguen TBA. Program chair es Sarah Medland, la PI de L-0002.	https://bga.org/
2026-09-14	ecosystem	events	E-0005	IGES 2026 Annual Meeting & Education Workshop	UPDATED	RELOJ VIVO no detectado hasta ahora: la tarifa early cierra el 19-sep-2026. Cuotas completas verificadas. Cae justo antes de ASHG y en la misma region: un vuelo, dos congresos.	https://www.geneticepi.org/2026-annual-meeting
2026-09-14	ecosystem	events	E-0006	SOBP 2027 Annual Meeting	UPDATED	No verificable: sobp.org/meetings no publica fechas y /future-meetings da 404. Fechas 2027 siguen apoyadas solo en fuentes secundarias.	https://sobp.org/
2026-09-14	ecosystem	events	E-0008	SLEEP 2027 (APSS Annual Meeting)	UPDATED	CONFLICTO DE FECHAS RESUELTO: el 5-jun era el inicio de los cursos de posgrado, no del congreso. Se adopta 6-9 jun 2027.	https://www.sleepmeeting.org/
2026-09-14	ecosystem	events	E-0011	BGA 2028 - 58th Annual Meeting of the Behavior Genetics Association	UPDATED	Sin cambios: 2028 en Tartu, fecha TBA.	https://bga.org/content.aspx?page_id=22&club_id=971921&module_id=567675
2026-09-14	ecosystem	events	E-0015	Jornada AEGH 2027 (Asociacion Espanola de Genetica Humana)	UPDATED	Sin cambios: la AEGH sigue sin publicar sede ni fechas de la Jornada 2027. Confirmado que 2027 es ano de Jornada.	https://aegh.org/congresos-y-jornadas-aegh/
2026-09-14	ecosystem	training	T-0001	International Statistical Genetics Workshop (el 'Boulder Workshop')	UPDATED	Fechas 2027 confirmadas en Tier 1 (1-5 mar). La inscripcion AUN no esta abierta y no hay cuota publicada. El curso de marzo se imparte cada tres anos: si se pierde 2027, la siguiente es 2030.	https://www.colorado.edu/ibg/workshop-2027
2026-09-14	ecosystem	training	T-0002	Genetic Epidemiology (short course)	UPDATED	Fechas verificadas y, sobre todo, calendario de reservas confirmado: cuenta desde el 23-sep-2026, reservas el 7-oct-2026 a mediodia. Sin beca aplicable para ella.	http://www.bristol.ac.uk/medical-school/short-courses-and-cpd/short-courses/courses/genetic-epidemiology/
2026-09-14	ecosystem	training	T-0003	Mendelian Randomization (short course)	UPDATED	Fechas verificadas (15-19 mar 2027). Sin beca aplicable. Es prerrequisito de T-0007.	http://www.bristol.ac.uk/medical-school/short-courses-and-cpd/short-courses/courses/mr/
2026-09-14	ecosystem	training	T-0007	Advanced Mendelian Randomization	UPDATED	Cuota confirmada (630 GBP) y prerrequisito explicito: exige el curso introductorio de MR. No reservable para 2026; objetivo real, nov-2027.	https://www.bristol.ac.uk/medical-school/short-courses-and-cpd/short-courses/courses/advanced-mr/
2026-09-14	ecosystem	training	T-0008	Machine Learning with Omics Data	UPDATED	Fechas verificadas en el catalogo. La ficha del curso aun no existe (404 en dos rutas): la cuota se conocera el 7-oct-2026.	https://www.bristol.ac.uk/medical-school/short-courses-and-cpd/short-courses/courses/
2026-09-14	ecosystem	training	T-0009	Molecular Epidemiology	UPDATED	Cuota confirmada (750 GBP). Detalle de calendario util: va la semana siguiente al MR introductorio, encadenables con un solo permiso.	https://www.bristol.ac.uk/medical-school/short-courses-and-cpd/short-courses/courses/molecular-epidemiology/
2026-09-14	ecosystem	training	T-0004	Genetic Analysis of Population-based Association Studies	UPDATED	Sin edicion 2026 ni 2027 en el catalogo de Wellcome. Sigue en vigilancia; revisar en enero-2027.	https://coursesandconferences.wellcomeconnectingscience.org/event/genetic-analysis-of-population-based-association-studies-20240902/
2026-09-14	ecosystem	training	T-0005	CAJAL Course: Neurobiology of Sleep	UPDATED	Confirmado CERRADO: el listado de CAJAL no llega mas alla de diciembre de 2026, sin edicion 2027 de ningun curso.	https://cajal-training.org/courses/
2026-09-14	ecosystem	training	T-0006	Statistical Analysis of Genome Scale Data	UPDATED	Sin edicion 2027 en CSHL. Revisar en primavera-2027.	https://meetings.cshl.edu/courses.aspx?course=C-DATA
2026-09-14	ecosystem	training	T-0010	From Genetic Variants to Risk Prediction (UniTartu Summer School)	UPDATED	CORRECCION: la fila no tenia fechas y parecia viva; era la edicion 2026, ya celebrada, con plazo cerrado el 20-abr-2026. Marcada CLOSED.	https://ut.ee/en/content/genetic-variants-risk-prediction
2026-09-14	ecosystem	sources	SRC-0137	PGC - indice de working groups (lista de chairs por subpagina)	NEW	Nueva fuente de vigilancia.	https://pgc.unc.edu/for-researchers/working-groups/
2026-09-14	ecosystem	sources	SRC-0138	PsychGen Centre (FHI) - Latest research	NEW	Nueva fuente de vigilancia.	https://www.fhi.no/en/me/the-psychgen-centre-for-genetic-epidemiology-and-mental-health/latest-research/
2026-09-14	ecosystem	sources	SRC-0139	Sleep Research Society - liderazgo y comites	NEW	Nueva fuente de vigilancia.	https://sleepresearchsociety.org/about/leadership/
2026-09-14	ecosystem	sources	SRC-0140	EMGM - European Mathematical Genetics Meeting, futuras sedes	NEW	Nueva fuente de vigilancia.	https://sites.google.com/site/emgmhome/future-meetings
2026-09-14	ecosystem	sources	SRC-0141	AEGH - adjudicacion de sede de la Jornada 2027	NEW	Nueva fuente de vigilancia.	https://aegh.org/jornada-aegh-2027-presentacion-de-candidaturas/
2026-09-14	ecosystem	sources	SRC-0142	EEPE - catalogo anual de cursos de epidemiologia (Toscana)	NEW	Nueva fuente de vigilancia.	https://www.eepe.org/courses-2/
2026-09-14	ecosystem	sources	SRC-0143	SMARTbiomed (Aarhus) - escuela de verano	NEW	Nueva fuente de vigilancia.	https://smartbiomed.dk/news-and-events/summer-school
2026-09-14	ecosystem	sources	SRC-0144	Bristol Medical School - criterios de voucher packs y calendario de reservas	NEW	Nueva fuente de vigilancia.	https://www.bristol.ac.uk/medical-school/short-courses-and-cpd/short-courses/fees/
2026-09-14	ecosystem	sources	SRC-0145	Aarhus University - portal de vacantes Emply	NEW	Nueva fuente de vigilancia.	https://au.career.emply.com/en/vacant-positions
2026-09-14	ecosystem	sources	SRC-0146	Grotzinger - web propia del laboratorio (p-badger-lab)	NEW	Nueva fuente de vigilancia.	https://www.p-badger-lab.com/
2026-09-14	ecosystem	sources	SRC-0147	NIH - codigo de actividad T32 (elegibilidad)	NEW	Nueva fuente de vigilancia.	https://grants.nih.gov/funding/activity-codes/T32
2026-09-14	ecosystem	subscriptions	SUB-0017	Bristol Medical School - cuenta de reservas de cursos cortos	NEW	Propuesta de alta, Status TODO. No es un boletin sino la puerta de entrada, y tiene dos relojes: la cuenta se crea o reactiva desde el mediodia del 2026-09-23 y las reservas del programa 2026/27 abren el 2026-10-07 a mediodia hora del RU. Sin cuenta creada antes, no se puede reservar el dia que abren, y estos cursos se llenan.	https://www.bristol.ac.uk/medical-school/short-courses-and-cpd/short-courses/courses/
2026-09-21	positions	postdocs	P-0036	Research Scientist - Maternal Sleep	NEW	Toca su tercera linea (sueno) y admite perfil medico, pero lo esencial es polisomnografia y desenlaces perinatales -nada de genetica- y exige experiencia postdoctoral ya hecha, mientras ella no estara disponible hasta 2027-2028.	https://www.kcl.ac.uk/jobs/158385-research-scientist-maternal-sleep
2026-09-21	positions	postdocs	P-0037	Postdoctoral Fellow (Genetic Epidemiology and Bioinformatics)	NEW	En tema es lo mas cercano a su nucleo que ha aparecido esta semana: epidemiologia genetica + PRS es exactamente su linea 1-2 y su stack real (PLINK, R, pipelines GWAS-PRS a nivel independiente), y el NIH valora el perfil MD+PhD para fenotipado clinico. Se queda en 3, no en 4, por tres condiciones si	https://www.training.nih.gov/jobs/pd-010127/
2026-09-21	positions	postdocs	P-0038	Ayudante de Investigacion Postdoctoral - Unidad de Investigacion Clinica en Inmunoterapia del Cancer CNIO-HMarBCN (AIPOSCNIO-HMarBCN)	NEW	Inmunologia experimental humeda (vectores lentivirales, citometria, experimentacion animal) con 6 anos de experiencia exigidos y doctorado de hace menos de un ano: ni la tecnica ni el reloj encajan, y ella no estaria disponible antes de mediados de 2027.	https://www.cnio.es/empleo/ayudante-de-investigacion-postdoctoral-para-la-unidad-de-investigacion-clinica-en-inmunoterapia-del-cancer-cnio-hmarbcn-aiposcnio-hmarbcn/
2026-09-21	positions	postdocs	P-0039	Genetista en Servicio de Apoyo a la Investigacion de Farmacogenomica (ref. 98_2026)	NEW	La farmacogenomica hospitalaria toca su especialidad de Medicina de Laboratorio, pero la convocatoria pide Grado en Genetica y ella es medica, asi que probablemente no sea elegible por titulacion; ademas cierra el 2026-09-26 y ella no esta disponible hasta mediados de 2027.	https://www.iisgm.com/ofertas-de-empleo/
2026-09-21	positions	postdocs	P-0040	Busqueda de candidatos con perfil postdoctoral - Area de Genomica y Genetica (contratos postdoctorales publicos)	NEW	El mecanismo es exactamente la via espanola que le interesa (un grupo que te acoge para presentarte a un Sara Borrell), pero el grupo concreto es genetica del desarrollo ocular, no genetica estadistica ni psiquiatrica, y su doctorado no estara defendido hasta feb-2028 (ETA), fuera del ciclo actual.	https://www.fjd.es/iis-fjd/es/formacion-empleo/ofertas-empleo
2026-09-21	positions	postdocs	P-0002	Postdoctoral Research Scientist in Statistical Genomics / Genetic Epidemiology	UPDATED	columnas: Change_Flag, Confidence, Deadline, Last_Updated, Last_Verified, Next_Action, Source_Note	https://recruitingapp-5569.de.umantis.com/Vacancies/496/Description/2?lang=eng
2026-09-21	positions	postdocs	P-0033	Postdoctoral researcher in genome stability and neurotoxicity	UPDATED	columnas: Change_Flag, Confidence, Deadline, Last_Updated, Last_Verified, Next_Action, Salary_EUR_Year, Source_Note, Status	https://www.werkenbijerasmusmc.nl/vacature/1307326/postdoctoral-researcher-genome-stability-and-neurotoxicity-3-years-3416
2026-09-21	positions	postdocs	P-0032	Research Associate at the Human Functional Genomics Initiative	UPDATED	columnas: Change_Flag, Confidence, Last_Updated, Last_Verified, Next_Action, Source_Note, Status	https://www.kcl.ac.uk/jobs/155527-research-associate-at-the-human-functional-genomics-initiative
2026-09-21	positions	postdocs	P-0014	Research Assistant (Moondance Dementia Laboratory)	UPDATED	columnas: Change_Flag, Confidence, Last_Updated, Last_Verified, Next_Action, Source_Note, Status	https://cardiffuniweb.eploy.net/vacancies/vacancy-search-results.aspx?culture=en-GB
2026-09-21	positions	postdocs	P-0018	Clinical Research Fellow (Psychological Medicine)	UPDATED	columnas: Change_Flag, Confidence, Last_Updated, Last_Verified, Next_Action, Source_Note, Status	https://www.jobs.ac.uk/job/DST268/clinical-research-fellow
2026-09-21	positions	postdocs	P-0031	Postdoctoral Research Associate (proyecto Youth Endowment Fund, CRIS)	UPDATED	columnas: Change_Flag, Confidence, Last_Updated, Last_Verified, Next_Action, Salary_EUR_Year, Source_Note, Status	https://www.kcl.ac.uk/jobs/157565-postdoctoral-research-associate
2026-09-21	positions	postdocs	P-0028	Bioinformatician	UPDATED	columnas: Change_Flag, Confidence, Last_Updated, Last_Verified, Salary_EUR_Year, Source_Note, Status	https://www.jobs.ac.uk/job/DSU830/bioinformatician
2026-09-21	positions	postdocs	P-0030	Research Assistant - estudio CONNECT	UPDATED	columnas: Change_Flag, Confidence, Last_Updated, Last_Verified, Salary_EUR_Year, Source_Note, Status	https://cardiffuniweb.eploy.net/vacancies/447/research-assistant.html
2026-09-21	positions	postdocs	P-0027	Research Fellow (Genetic Analysis)	UPDATED	columnas: Change_Flag, Confidence, Last_Updated, Last_Verified, Next_Action, Source_Note, Status	https://www.jobs.ac.uk/job/DSW126/research-fellow-genetic-analysis
2026-09-21	positions	postdocs	P-0029	Postdoctoral Research Fellow/Research Fellow in Statistical Genomics (R-68861)	UPDATED	columnas: Change_Flag, Confidence, Deadline, Duration, Fit_1_5, Fit_Rationale, Group_or_Lab, Last_Updated, Last_Verified, Next_Action, Open_Date, PI, Requirements_Key, Salary_EUR_Year, Source_Note, Status	https://uq.wd3.myworkdayjobs.com/uqcareers/job/St-Lucia-Campus/Postdoctoral-Research-Fellow-Research-Fellow-in-Statistical-Genomics_R-68861-2
2026-09-21	positions	postdocs	P-0034	Computational Scientist II - Karczewski Lab (ref 44894)	UPDATED	columnas: Change_Flag, Confidence, Last_Updated, Last_Verified, Next_Action, Source_Note, Status	https://broadinstitute.avature.net/en_US/careers/JobDetail/Computational-Scientist-II-Karczewski-Lab/22501
2026-09-21	positions	postdocs	P-0035	Postdoctoral Associate - Computational Biology (ref 44829)	UPDATED	columnas: Change_Flag, City, Confidence, Group_or_Lab, Last_Updated, Last_Verified, Open_Date, PI, Requirements_Key, Salary_EUR_Year, Source_Note, Status	https://broadinstitute.avature.net/en_US/careers/JobDetail/Postdoctoral-Associate-Computational-Biology/22430
2026-09-21	positions	postdocs	P-0008	Computational Scientist I - McCarroll Lab	UPDATED	columnas: Change_Flag, Confidence, Last_Updated, Last_Verified, Next_Action, Source_Note	https://broadinstitute.avature.net/careers
2026-09-21	positions	postdocs	P-0016	Clinical Research Fellow (IoPPN)	UPDATED	columnas: Change_Flag, Confidence, Deadline, Last_Updated, Last_Verified, Source_Note, Status	https://www.kcl.ac.uk/jobs/155765-clinical-research-fellow
2026-09-21	positions	postdocs	P-0020	Postdoctoral Fellow - Statistical Genetics and Artificial Intelligence	UPDATED	columnas: Change_Flag, Last_Updated, Next_Action, Source_Note	https://jobrxiv.org/job/postdoctoral-fellow-statistical-genetics-and-artificial-intelligence/
2026-09-21	positions	jobs	J-0015	Familia de vacantes de Porterhouse Medical: Senior Medical Writer (Reino Unido), Senior Medical Writer (Remote-US) y programas Pathfinders de entrada a MedComms	NEW	Encaja con ELLA por lo que MedComms compra de verdad en un writer junior: criterio clinico y capacidad de leer, jerarquizar y resumir literatura. Es MD con ingles C2 y lleva dos manuscritos propios como primera autora, uno de revision en Journal of Sleep Research y uno empirico en Nature Mental Heal	https://www.porterhousemedical.com/careers/
2026-09-21	positions	jobs	J-0010	Bolsa de Empleo Abierta y Permanente (BAPE) de Sacyl - categoria Licenciados Especialistas (incluye Analisis Clinicos y Bioquimica Clinica)	UPDATED	columnas: Change_Flag, Confidence, Effort_Estimate, Fit_1_5, Fit_Rationale, Last_Updated, Last_Verified, Next_Action, Requirements_Key, Source_Note	https://www.saludcastillayleon.es/profesionales/es/bolsa
2026-09-21	positions	jobs	J-0003	Via transitoria al titulo de especialista en Genetica Medica y en Genetica de Laboratorio (dos reales decretos separados, aun sin publicar)	UPDATED	columnas: Change_Flag, Fit_Rationale, Last_Updated, Last_Verified, Next_Action, Source_Note	https://www.sanidad.gob.es/normativa/audiencia/home.htm
2026-09-21	positions	jobs	J-0012	Statistical Geneticist Investigator (Human Genetics / Genomic Sciences)	UPDATED	columnas: Change_Flag, City, Confidence, Last_Updated, Last_Verified, Next_Action, Source_Note, Status	https://jobs.gsk.com/en-gb/jobs/223316?lang=en-us
