ID	Name	Type	Organiser	City	Country	Start_Date	End_Date	Abstract_Deadline	Deadline	Cost_EUR	Travel_Grant_Available	Audience	Fit_1_5	Fit_Rationale	Competition_Level	Effort_Estimate	Confidence	Last_Verified	First_Seen	Last_Updated	Change_Flag	Next_Action	Owner_Status	URL	Source_Note
E-0001	World Congress of Psychiatric Genetics (WCPG) 2026	Congreso anual	International Society of Psychiatric Genetics (ISPG)	Glasgow	United Kingdom	2026-09-29	2026-10-03	2026-05-14	2026-09-29		SI pero CERRADO: ECIP Travel Awards del Early Career Investigator Program, plazo 14-may-2026 (https://ispg.net/wcpg-2026/)	La concentracion mas densa del mundo de GWAS/PRS de trastornos psiquiatricos; asisten grupos del PGC. Sede de su linea (2) para contactos y grupos a los que acercarse.	5	Encaja de lleno con su linea (2): GWAS/PRS psiquiatrico. La mejor sala posible para encontrar grupos de acogida y poner cara a autores del PGC. Contra: el reloj de resumenes y del premio ECIP de 2026 ya cerro (mayo), asi que este ano solo puede asistir/hacer red, no presentar; Reino Unido es viaje barato desde Espana. Mantenerla para el ciclo de resumenes de WCPG 2027.	HIGH	M	VERIFIED en fechas; UNVERIFIED en cuotas y modalidad virtual	2026-09-21	2026-08-24	2026-09-21	UPDATED	Empieza en 8 dias. Si quisiera asistir en remoto o de ultima hora, escribir esta semana a la secretaria de ISPG: no hay ninguna tarifa publicada que podamos citar. Vigilar ispg.net/past-congresses el 5-oct-2026, porque la sede de WCPG 2027 suele anunciarse en la asamblea del propio congreso.	NEW	https://ispg.net/wcpg-2026/	ispg.net/wcpg-2026 abierta el 2026-09-21: confirma 29-sep a 03-oct-2026 en Glasgow y dice solo 'Registration is now OPEN'. NO publica tarifas ni tarifa late/onsite ni opcion virtual; el portal de inscripcion carga por JavaScript y no es legible por herramienta (tercer intento fallido, no insistir). WCPG 2027 NO esta anunciado: ispg.net/past-congresses solo lista 2026 como proximo. La ficha de Clocate titulada 'WCPG 2027' esta vacia, sin fechas ni ciudad: es un marcador, no un anuncio.
E-0002	ASHG 2026 Annual Meeting	Congreso anual	American Society of Human Genetics (ASHG)	Montreal	Canada	2026-10-20	2026-10-24	2026-08-26	2026-09-15	396	Si - premios de viaje ASHG Trainee/Epstein (no reverificados este ciclo)	La mayor reunion mundial de genetica humana/estadistica; mucho contenido de genetica estadistica, GWAS y rasgos complejos. Directamente su linea (1).	5	Su linea (1), genetica estadistica de rasgos complejos, es la columna vertebral de ASHG. RELOJ VIVO: los resumenes late-breaking abren 10-26 ago 2026 (cierra en ~2 dias); su articulo empirico en Nature Mental Health podria encajar como poster late-breaking si actua ya. Aun sin resumen, es la mejor sala para contactos de metodo. El coste es real (viaje a Canada + tarifa) pero la tarifa trainee es baja.	HIGH	M	VERIFIED	2026-09-21	2026-08-24	2026-09-21	UPDATED	Descartar 2026: entre 396 y 710 EUR de inscripcion mas vuelo transatlantico y hotel en Montreal, sin abstract aceptado, no sale pagandolo ella. Apuntar a ASHG 2027 en Nashville (E-0012) y solo con travel award.	NEW	https://ashgmeeting.ashg.org/	ashg.org/registration-rates abierta el 2026-09-21. Tramo Late/Onsite vigente desde que cerro Advance el 15-sep-2026 y hasta el congreso (20-24 oct 2026): socia estudiante/trainee 460 USD = 396 EUR; NO socia estudiante 825 USD = 710 EUR; socia profesional 920 USD = 791 EUR; no socia profesional 1400 USD = 1204 EUR. Conversion a ~0.86 EUR/USD. Cubre solo la inscripcion. La pagina de tarifas NO lista ninguna inscripcion virtual con precio: la existencia de opcion virtual queda SIN CONFIRMAR.
E-0003	ESHG Conference 2027 (European Human Genetics Conference)	Congreso anual	European Society of Human Genetics (ESHG)	Rotterdam	Netherlands	2027-06-12	2027-06-15	2027-02-04	2027-02-04		Si - ESHG Conference Fellowships. Categoria 1 (paises europeos): hasta 140 becas, exencion de la cuota de inscripcion mas 400 EUR de contribucion al viaje. Categoria 3 (excelencia, por revision por pares): 10 becas con exencion mas 600 EUR. Categoria 4 (sociedades nacionales, 1 por pais): inscripcion gratuita con comidas mas 600 EUR, exige ser miembro de la sociedad nacional. Requisitos: enviar abstract por el sistema online y marcar la casilla de fellowship al enviarlo; no mas de cuatro anos de experiencia postgrado; no ser Investigador Principal; maximo una beca por ano y no en anos consecutivos	La principal reunion europea de genetica humana/estadistica; mucho contenido de rasgos complejos y epidemiologia genetica, grupos de la UE a los que podria unirse.	4	Sigue siendo su gran congreso mas alcanzable: UE, sin visado, formato hibrido, vuelo corto a Rotterdam y cobertura directa de su linea 1. La novedad que lo refuerza es economica: con la fellowship europea el coste baja a inscripcion cero mas 400 EUR de viaje, y ella cumple elegibilidad con holgura porque no es PI y no ha terminado la especialidad. El unico obstaculo real es de agenda, no de dinero: 12-15 de junio de 2027 cae tres semanas despues del fin de la residencia (22-05-2027), asi que ya no necesita pedir dias libres al hospital. La condicion critica es enviar abstract antes del 04-02-2027, porque la beca solo se solicita dentro de ese envio.	HIGH	M	VERIFIED	2026-10-05	2026-08-24	2026-10-05	UPDATED	Note the collision: registration opens February 2027, the same month the abstract deadline falls (2027-02-04). Submit the abstract in January 2027 and tick the European fellowship box inside the submission, then register as soon as the portal opens in February. Re-check 2027.eshg.org in December 2026 for the fee table and the abstract portal link.	NEW	https://2027.eshg.org/abstracts/	Tier 1, read 2026-10-05 at 2027.eshg.org: NEW fact - 'Registration for ESHG 2027 opens in February 2027'. Fee amounts are still NOT published (verified negative) and the abstract submission portal is not yet live on the site; the 2027-02-04 abstract deadline is unchanged. The up-to-140 European fellowship scheme (free registration plus 400 EUR travel) is still requested by ticking a box inside the abstract submission, so it remains tied to the 4 Feb 2027 deadline. Correct conference URL is 2027.eshg.org - www.eshg.org/conference/eshg-2027/ returns 404.
E-0004	Behavior Genetics Association (BGA) 2027 Annual Meeting	Congreso anual	Behavior Genetics Association (BGA)	Minneapolis	Estados Unidos	2027-06-29	2027-07-02				Si - BGA ofrece Student Travel Awards y Early Career Award; la pagina oficial de la reunion los lista con plazo TBA (sin fecha ni cuantia publicadas a 28-09-2026)	La tribu de la genetica estadistica/conductual: modelos de gemelos, GWAS, PRS de rasgos psiquiatricos y conductuales. Presidenta de programa Sarah Medland (nombre PGC/PRS que le convendria conocer).	5	Sede ya confirmada y con un detalle que la afecta directamente: la program chair de 2027 es Sarah Medland (QIMR Berghofer), la institucion del proyecto de su manuscrito empirico en Nature Mental Health, asi que presentar alli pone su trabajo delante del grupo con el que ya colabora y del nucleo de la genetica del comportamiento. Ademas cae del 29-jun al 2-jul-2027, cinco semanas despues de terminar la residencia (22-may-2027): es el primer congreso grande de su linea 1 al que puede ir sin pelear por dias de libranza. Contra: EE.UU. implica ESTA y vuelo caro para una residente sin presupuesto de laboratorio.	MEDIUM	M	UNVERIFIED	2026-10-05	2026-08-24	2026-10-05	UNCHANGED	Open bga.org (and the members portal bga.clubexpress.com) manually in a browser - automated fetching is blocked. If still nothing by December 2026, email the BGA secretary: the 2027 abstract deadline has historically landed in March-April for a late-June meeting.	NEW	https://bga.org/	BLOCKED: bga.org returned HTTP 403 to automated fetching on 2026-10-05 (single attempt, per policy). A targeted web search for the 2027 Minneapolis abstract deadline returned nothing - only past editions (2024 London, 2026 Amsterdam). Abstract deadline and fees remain UNVERIFIED. Working alternative URL discovered for manual use: bga.clubexpress.com (the BGA ClubExpress members portal, where BGA publishes meeting and registration pages).
E-0005	IGES 2026 Annual Meeting & Education Workshop	Congreso anual + workshop	International Genetic Epidemiology Society (IGES)	Estrie (Esterel Resort), Quebec	Canada	2026-10-18	2026-10-20	2026-05-30	2026-10-20	810	UNVERIFIED / likely stale. The Roger Williams and James V. Neel travel awards (1000 USD each, first authorship required) are NOT documented anywhere on the current geneticepi.org site - the only trace remains the 2019 page. The site now says only that member dues 'help to support travel expenses to the annual IGES meeting for worthy students in financial need', with no named award, amount or deadline. The IGES Wellcome award remains low/middle-income countries only - she is NOT eligible.	Sociedad pequena y centrada en metodos de epidemiologia genetica (metodologia GWAS/PRS, estadistica de rasgos complejos). El workshop educativo se dirige a trainees.	4	Fuerte encaje de metodos para su linea 1: IGES es la sociedad pequena donde se discute la metodologia de genetica estadistica cara a cara y con gente senior accesible, y su Education Workshop (85 USD) esta pensado justo para su nivel. Novedad de esta pasada, y es la que decide: cae 18-20-oct en Esterel, a una hora de Montreal, e inmediatamente ANTES de ASHG (20-24-oct, Montreal), asi que un solo vuelo transatlantico le compraria las dos salas. El freno es el dinero, no el encaje: sumar las dos inscripciones ronda los 1.400 EUR sin vuelo ni hotel, inasumible para una residente que paga de su bolsillo. Si tiene que elegir una sola, ASHG le da mas contactos y IGES mas metodo.	MEDIUM	M	VERIFIED	2026-10-05	2026-08-24	2026-10-05	UPDATED	The meeting is on 2026-10-18, thirteen days away, and registration is already in the late/onsite band - do not pursue for 2026. Email info@geneticepi.org to ask whether the Roger Williams and Neel travel awards still exist before budgeting for IGES 2027 (no 2027 meeting is announced yet; only an Advanced Gene Mapping Course, 11-15 Jan 2027, which is out of this branch's scope).	NEW	https://www.geneticepi.org/2026-annual-meeting	Tier 1, read 2026-10-05 at geneticepi.org. NEW: full fee table now verified, in USD - early (24 Mar-24 Jul) member 551-689, non-member 662-895; regular (25 Jul-19 Sep) member 662-826, non-member 772-1033; late/onsite (20 Sep-20 Oct) member 772-918, non-member 882-1125; education workshop 85 flat. Cost_EUR 810 is the late/onsite non-member trainee rate (882 USD) converted at roughly 1.09 USD per EUR - approximate, and she would pay the top of the band if she were not a trainee. VERIFIED NEGATIVE on the named travel awards (see Travel_Grant_Available). A web search for the two award names surfaced only an unrelated American Heart Association Roger R. Williams Memorial Award - do not confuse them.
E-0006	SOBP 2027 Annual Meeting	Congreso anual	Society of Biological Psychiatry (SOBP)	Chicago	United States	2027-05-06	2027-05-08				Si - becas/premios de viaje SOBP (no verificado)	Psiquiatria biologica con una vertiente de genetica/imaging-genetics; solapa su linea (2) pero mas amplia que la genetica estadistica pura.	3	Encaje plausible via la vertiente de genetica psiquiatrica (linea 2), y oportunidad de conocer grupos de investigacion clinica dado su perfil de MD. Pero es viaje a EE.UU., mas amplio que sus metodos nucleares, y el reloj de resumenes (normalmente ~nov-dic 2026) aun no esta publicado. Menor prioridad que WCPG/ASHG/BGA; registrar y vigilar la convocatoria de resumenes.	HIGH	M	VERIFIED	2026-10-05	2026-08-24	2026-10-05	UPDATED	Abstract submission is OPEN NOW - open sobp.societyconference.com in a browser this month to read the actual deadline and the travel/early-career award terms (the portal is JavaScript-only and cannot be fetched automatically). The 2027 theme is 'The Metabolic Brain', which is off her lines, so check whether a genetics/PRS session exists before spending leave days.	NEW	https://sobp.org/	Tier 1, read 2026-10-05 at sobp.org/sobp-annual-meeting/. NEWLY VERIFIED: dates 6-8 May 2027, Chicago, Illinois; theme 'The Metabolic Brain - Reconceptualizing Mental Illnesses as Systemic Disorders through Metabolism'; abstract submissions are stated to be currently OPEN. BLOCKED on specifics: the deadline, fees and award terms live only on sobp.societyconference.com, which rendered as 'Loading...' to automated fetching (single attempt). Abstract deadline and fees therefore remain UNVERIFIED. Note the clock: 6-8 May 2027 is two weeks before her residency ends on 22 May 2027, so this one still costs leave days and hospital permission.
E-0007	Sleep Europe 2026 (28th ESRS Congress)	Congreso bienal	European Sleep Research Society (ESRS)	Maastricht	Netherlands	2026-10-20	2026-10-23	2026-04-01			Si - becas de viaje/registro ESRS para inicio de carrera (no verificado)	Principal reunion europea de investigacion del sueno; un nicho de genetica/epidemiologia del sueno relevante para su linea (3), sueno infantil.	3	Plausible via su linea (3), genetica del sueno, y su manuscrito en Journal of Sleep Research: un lugar para encontrar grupos de fenotipos de sueno. Pero es un publico de medicina del sueno mas que de genetica, y el plazo regular de resumenes (~1-abr-2026) ya paso; parece existir una ronda late-breaking pero no pude confirmar su fecha. Viaje barato en la UE es la ventaja. Registrar por los contactos de genetica del sueno.	MEDIUM	M	UNVERIFIED	2026-10-05	2026-08-24	2026-10-05	UNCHANGED	Fees still unverified and the congress is in 15 days - open esrs.eu/sleep-congress manually if she is still considering it, otherwise let 2026 go and aim at Sleep Europe 2028 in Edinburgh (new row this run), which falls after both her residency and her defense.	NEW	https://congrex.com/events/sleep-europe-2026-the-28th-congress-of-the-european-sleep-research-society/	BLOCKED: esrs.eu/sleep-congress returned HTTP 403 to automated fetching on 2026-10-05 (single attempt, per policy). Fallback Tier 1-adjacent check on the Congrex event page confirms 20-23 October 2026 at MECC Maastricht but publishes no fees, early-bird date or bursary information. Fees remain UNVERIFIED. Working URL for her browser: https://esrs.eu/sleep-congress/
E-0008	SLEEP 2027 (APSS Annual Meeting)	Congreso anual	Associated Professional Sleep Societies (AASM + Sleep Research Society)	Denver	United States	2027-06-06	2027-06-09				Si - premios de viaje/merito SRS para trainees (no verificado)	La mayor reunion de investigacion del sueno (EE.UU.); tiene una via de genetica/epidemiologia del sueno que toca su linea (3).	3	Plausible para la linea (3) y el mayor publico de sueno, pero el coste de viaje a EE.UU. es alto para una linea que es la tercera de su lista, y el plazo de resumenes 2027 aun no esta publicado (normalmente ~primeros de dic 2026). Menor prioridad que la opcion europea de sueno; registrar y revisar la convocatoria a finales de 2026.	MEDIUM	M	VERIFIED	2026-10-05	2026-08-24	2026-10-05	UPDATED	Abstract deadline is not announced yet (verified negative). Registration opens January 2027; APSS abstract calls have historically opened in the autumn and closed in early December, so re-check sleepmeeting.org monthly from November 2026. If she wants SLEEP 2027 she also needs a US visa - start that in parallel with the abstract.	NEW	https://aasm.org/event/sleep-2027/	Tier 1, read 2026-10-05 at aasm.org/event/sleep-2027/: 41st annual meeting of the APSS, 6-9 June 2027, Colorado Convention Center, 700 14th St, Denver CO; ticketed postgraduate courses 5-6 June; 'Registration will open in January 2027'. VERIFIED NEGATIVE: no abstract submission opening or deadline is published yet, on either aasm.org or sleepmeeting.org (sleepmeeting.org returned an empty body to automated fetching). Abstract deadline therefore still UNVERIFIED. Venue and end date are new this run; June 2027 falls just after her residency ends on 22 May 2027, which makes this the first easy-travel congress on her list.
E-0009	Neuroscience 2026 (SfN Annual Meeting)	Congreso anual	Society for Neuroscience (SfN)	Washington, D.C.	United States	2026-11-14	2026-11-18	2026-09-15	2026-09-15		Si - SfN Trainee Professional Development Award (TPDA) (no verificado)	Reunion de neurociencia enorme y amplia; el contenido de genetica estadistica queda diluido entre decenas de miles de asistentes.	2	Solo registrado: demasiado amplio y grande para su foco estrecho en genetica estadistica, y el viaje a EE.UU. es caro para bajo retorno dirigido. Nota: hay una ventana late-breaking 8-15 sep 2026 si alguna vez quisiera visibilidad neuro general.	MEDIUM	M	VERIFIED	2026-09-07	2026-08-24	2026-09-07	UPDATED	Reloj vivo a 8 dias, pero es solo la ventana de late-breaking (8 a 15-sep-2026, cierre a las 17:00 EDT, sin prorroga) y exige ser socia de la SfN: con Fit 2 lo razonable es dejarlo pasar salvo que quiera datos nuevos en sala; no requiere ninguna accion mas.	NEW	https://www.sfn.org/meetings/neuroscience-2026	Tier 1, sfn.org (paginas de late-breaking abstracts y call for abstracts) el 2026-09-07: la convocatoria ordinaria fue 27-may a 10-jun-2026 y las notificaciones salieron a principios de agosto; el 15-sep-2026 que teniamos registrado corresponde al cierre de los late-breaking, no al plazo general. Congreso 14-18 nov 2026 en el Walter E. Washington Convention Center, Washington DC.
E-0010	FENS Forum 2026	Foro bienal	Federation of European Neuroscience Societies (FENS)	Barcelona	Spain	2026-07-06	2026-07-10	2026-04-27			Si - becas de viaje del FENS Forum (confirmadas para 2026)	El mayor foro de neurociencia de Europa (8.000+); amplio, poco contenido dedicado a genetica estadistica.	2	Solo registrado: ya paso (6-10 jul 2026, en Barcelona - habria sido barato para ella) y FENS es bienal, asi que la proxima edicion es 2028. Demasiado amplio para sus metodos nucleares. Anotar para 2028 solo si quiere presencia neuro general en casa.	MEDIUM	M	VERIFIED	2026-08-24	2026-08-24	2026-08-24	NEW		NEW	https://fensforum.org/	Web oficial fensforum.org via busqueda: resumen regular 5 feb 2026, late-breaking 27 abr 2026 (ambos pasados); evento en jul 2026. Bienal - proximo Forum 2028.
E-0011	BGA 2028 - 58th Annual Meeting of the Behavior Genetics Association	Conference	Behavior Genetics Association (BGA)	Tartu	Estonia						PROBABLE (la BGA da student travel awards y early career award cada anyo; plazo TBA)	Genetica estadistica y del comportamiento, gemelos, GWAS/PRS de rasgos complejos y psiquiatricos	5	Es la sala natural de su linea 1 (genetica estadistica de rasgos complejos) y cae en la UE, sin visado y con vuelo barato via Tallin/Helsinki, en 2028: con la tesis defendida en feb-2028 y sus dos primeros autores ya publicados llegaria en posicion de pedir charla oral en vez de poster. La sede es el Instituto de Genomica de la Universidad de Tartu (Biobanco de Estonia), grupo de referencia en PRS y biobancos poblacionales: es la ocasion mas barata que tendra de sentarse con ese equipo y con el nucleo BGA.	MEDIUM	S	UNVERIFIED	2026-09-28	2026-09-07	2026-09-28	UNCHANGED	No hay nada que perseguir hasta finales de 2027: la pagina oficial de futuras reuniones de BGA solo dice 'Tartu, Estonia, TBA'. Revisar una vez pasada la reunion de 2027		https://bga.org/content.aspx?page_id=22&club_id=971921&module_id=567675	Verificado indirectamente en la misma consulta a bga.org del 2026-09-14: sigue listada 2028 en Tartu con fecha TBA.
E-0012	ASHG 2027 - 77th Annual Meeting of the American Society of Human Genetics	Conference	American Society of Human Genetics (ASHG)	Nashville	Estados Unidos	2027-10-26	2027-10-30				UNVERIFIED (ASHG suele tener trainee/international travel awards; no comprobado para 2027)	Genetica humana en todas sus ramas; la mayor reunion mundial del campo (7.000-8.500 asistentes)	5	Es el escaparate mundial de sus lineas 1 y 2: sesiones de genetica estadistica, GWAS y PRS a diario y todo el ecosistema de consorcios psiquiatricos en el mismo pasillo. Octubre-2027 cae cinco meses despues de acabar la residencia (22-may-2027), asi que por primera vez podria ir sin gastar dias de libranza; a cambio es el destino mas caro de la lista (vuelo transatlantico + cuota de ~700 EUR sin descuento de socio) y necesita ESTA por ser ciudadana UE. Con dos primeros autores ya publicados para entonces, es el sitio donde buscar postdoc a la vez que presenta.	HIGH	S	LIKELY	2026-09-07	2026-09-07	2026-09-07	NEW	Vigilar ashg.org/meetings/future-past y la pagina de deadlines en marzo-2027: el plazo de resumenes de ASHG suele caer a comienzos de junio del anyo del congreso.		https://www.ashg.org/meetings/future-past/	Fechas 26-30 oct 2027 en Nashville (TN) coincidentes en la pagina de ASHG Future & Past Annual Meetings y en varios agregadores (eMedEvents, life-sciences-usa, showsbee) el 2026-09-07; no abri la pagina oficial linea a linea, de ahi LIKELY. Sin cuotas ni plazo de resumenes publicados aun.
E-0013	World Sleep 2027 - Congress of the World Sleep Society	Conference	World Sleep Society	Montreal	Canada	2027-09-10	2027-09-15		2027-01-20		UNVERIFIED (la World Sleep Society ha dado becas para jovenes investigadores en ediciones previas; no publicado para 2027)	Medicina e investigacion del sueno a escala mundial, >3.000 asistentes de 80+ paises	4	Es el foro mas grande de su linea 3 (sueno infantil) y el unico donde su revision en Journal of Sleep Research y el trabajo de genetica del sueno se leen ante la comunidad completa, no ante un subgrupo. Septiembre-2027 esta ya fuera de la residencia, asi que el reloj le juega a favor; pesa en contra el coste (vuelo transatlantico, cuota aun no publicada) y que Canada exige eTA a ciudadanos UE. Ventana util ya abierta: las propuestas de simposio se admiten desde el 15-ago-2026 hasta el 20-ene-2027, o sea que podria proponer un simposio de genetica del sueno pediatrico en vez de limitarse a un poster.	MEDIUM	M	VERIFIED	2026-09-07	2026-09-07	2026-09-07	NEW	Decidir antes de dic-2026 si propone simposio (cierre 20-ene-2027) y vigilar worldsleepcongress.com para la apertura del envio de resumenes individuales.		https://worldsleepsociety.org/world-sleep-2027-in-montreal/	Tier 1: worldsleepsociety.org (2026-09-07) confirma 10-15 sep 2027 en el Palais des Congres de Montreal. La ventana de simposios 15-ago-2026 a 20-ene-2027 procede de la pagina worldsleepsociety.org/shape-the-scientific-program-2027 via buscador; el plazo de resumenes ordinarios y las cuotas no estan publicados todavia.
E-0014	XXXV Reunion Anual de la Sociedad Espanola de Sueno (SES 2027)	Conference	Sociedad Espanola de Sueno (SES)	Logrono	Espana						UNVERIFIED	Medicina del sueno espanola: neurofisiologia, neumologia, pediatria y psicologia del sueno	3	Congreso nacional, barato y sin vuelo, con seccion pediatrica donde su revision de sueno en lactantes encaja; el contenido genetico es escaso, por eso no pasa de plausible.	LOW	XS	LIKELY	2026-09-07	2026-09-07	2026-09-07	NEW	Consultar congreso-ses.com/ses2027 en octubre-2026 para fechas exactas de marzo-2027, plazo de comunicaciones y cuota de residente; si cae en marzo, hay que pedir dias en el hospital con antelacion.		https://congreso-ses.com/ses2027/bienvenida	Tier 1: la web oficial del congreso (consultada 2026-09-07) confirma Logrono y presidencia del comite organizador (Dra. Alejandra Roncero Lazaro), pero no publica todavia fechas exactas, plazo de comunicaciones ni cuotas; el mes (marzo-2027) procede de fuentes secundarias, de ahi LIKELY. Precedentes: Granada 5-7 mar 2026, Santiago 24-26 abr 2025.
E-0015	Jornada AEGH 2027 (Asociacion Espanola de Genetica Humana)	Conference	Asociacion Espanola de Genetica Humana (AEGH)		Espana						UNVERIFIED	Genetica humana clinica y de laboratorio en Espana	3	Reunion nacional barata que cruza sus dos identidades (residente de Medicina de Laboratorio y genetista) y sirve para red de contactos en Espana, aunque el peso de genetica estadistica de rasgos complejos es bajo.	LOW	XS	UNVERIFIED	2026-09-14	2026-09-07	2026-09-14	UPDATED	Volver a aegh.org/congresos-y-jornadas-aegh en diciembre-2026 o enero-2027 para ver sede y fechas adjudicadas.		https://aegh.org/congresos-y-jornadas-aegh/	Re-comprobado el 2026-09-14 en aegh.org (paginas 'Congresos y Jornadas AEGH' y 'Jornada AEGH 2027 - Presentacion de candidaturas'): SIGUE sin anunciarse sede ni fechas. Se confirma el encaje del calendario: en 2026 toca el V Congreso Interdisciplinar en Genetica Humana (15-17 abr 2026, Granada) y por eso 2027 es ano de Jornada. El plazo de candidaturas de sede cerro a finales de octubre de 2025 y la adjudicacion no se ha publicado.
E-0016	EMGM 2027 - 55a European Mathematical Genetics Meeting	Congreso anual	European Mathematical Genetics Meeting (comunidad EMGM, sede rotatoria)	Por anunciar	Europa (sede rotatoria, por anunciar)						UNVERIFIED (no se anuncian becas en la web general de la EMGM)	Genetistas estadisticos, matematicos y epidemiologos geneticos europeos; reunion pequena de dos dias	5	Es la reunion europea que mejor describe su linea 1 sin rodeos: el alcance declarado de la EMGM nombra literalmente genetica de rasgos complejos, inferencia causal, prediccion de rasgos y salud personalizada, fine-mapping e imputacion, metodos multirrasgo y variantes raras -- el temario exacto de su tesis. Lo que le aporta frente a WCPG o ASHG es PROPORCION: dos dias y aforo pequeno, asi que una doctoranda presenta ante la misma sala en la que estan los metodologos en vez de competir por atencion entre 8.000 asistentes, y la conversacion de pasillo con un jefe de grupo es realista y no un golpe de suerte. Y es la opcion mas barata que va a encontrar para su linea principal: sede europea (sin visado, vuelo corto desde Espana), dos dias de permiso en vez de una semana -- lo cual importa de verdad mientras siga en residencia -- y cuotas de reunion pequena, muy por debajo de los ~700 EUR de ASHG o IGES. El pero real: la sede de 2027 todavia no tiene quien la organice, asi que hoy es vigilancia, no accion.	MEDIUM	XS	VERIFIED	2026-09-14	2026-09-14	2026-09-14	NEW	La 54a edicion (Davos, 14-15 abr 2026) ya paso y la de 2027 sigue sin anfitrion. Vigilar sites.google.com/site/emgmhome a partir de noviembre-2026; si en enero-2027 sigue TBA, escribir a los organizadores de Davos 2026 (emgm2026.sciencesconf.org) preguntando por sede y fechas de 2027, que es justo lo que la propia web pide hacer.		https://sites.google.com/site/emgmhome/future-meetings	Tier 1, pagina oficial de Future Meetings de la EMGM abierta el 2026-09-14. Texto literal para 2027: '2027 TBA - please contact the organisers of the 2025 or 2026 EMGM if you are interested in hosting the meeting'. Serie anual ininterrumpida desde el 10-abr-1973 en Sheffield. No se publican cuotas ni plazos de resumenes en la web general: dependen de cada sede anual (emgm2025.sciencesconf.org, emgm2026.sciencesconf.org, emgm2024.ista.ac.at en IST Austria).
E-0017	GAW 2027 - Genetic Analysis Workshop (convocatoria de ideas abierta)	Workshop colaborativo de analisis (reunion cientifica, no curso)	International Genetic Epidemiology Society (IGES)	Por anunciar	Por anunciar				2026-09-04		UNVERIFIED	Metodologos de genetica estadistica y epidemiologia genetica que analizan en paralelo un mismo conjunto de datos y contrastan resultados	4	El GAW no es un congreso de escaparate sino el formato en el que varios grupos analizan EL MISMO dataset con metodos distintos y comparan resultados en sala, que es precisamente donde una doctoranda de genetica estadistica demuestra criterio metodologico sin necesitar todavia un hallazgo propio espectacular. Eso importa para ella en concreto: sus dos manuscritos siguen en revision y no le dan aun peso de autora senior, pero un analisis bien hecho sobre datos comunes si la pone al nivel de la conversacion. Ademas lo organiza la IGES, la misma sociedad pequena del E-0005, asi que los contactos se acumulan en vez de dispersarse entre circulos distintos. Hoy esta abierta la convocatoria de ideas para el tema de datos de 2027: es una ventana de participacion temprana, aunque ni fechas ni sede ni plazo esten publicados.	MEDIUM	M	VERIFIED	2026-09-21	2026-09-14	2026-09-21	UPDATED	La convocatoria de IDEAS ya vencio: no hay nada que enviar. Lo siguiente es la convocatoria de PARTICIPACION, en la que los grupos se apuntan a los datos elegidos, y se anunciara en geneticepi.org y en la lista de correo de la IGES: vigilar esa pagina cada mes. Merece la pena entrar cuando abra, porque el GAW es trabajo colaborativo con publicacion conjunta y es una via realista de coautoria para quien aun no tiene publicaciones destacadas.		https://www.geneticepi.org/	geneticepi.org, seccion 'latest news', abierta el 2026-09-21. CERRADO lo que quedaba pendiente: la convocatoria de ideas del GAW 2027 cerro el 2026-09-04, hace 17 dias. Era una llamada de IDEAS de datos y preguntas de analisis, no de abstracts, por formulario de Google. Coordina Danny Panyard desde la IGES; su correo aparece ofuscado en la pagina y no se transcribe. El GAW vuelve en 2027 tras haberse interrumpido por falta de financiacion. Fechas y sede del GAW 2027 aun sin especificar.
E-0018	XXIX Congreso Nacional de Psiquiatria 2026	Congreso anual nacional	Sociedad Espanola de Psiquiatria y Salud Mental (SEPSM)	Sevilla	Espana	2026-11-12	2026-11-14				UNVERIFIED	Psiquiatras clinicos y profesionales de salud mental de Espana	2	Es barato y esta en Espana, pero es psiquiatria clinica y no genetica estadistica, y ella es residente de Medicina de Laboratorio: se registra solo para no volver a descubrirlo cada semana.	LOW	XS	LIKELY	2026-09-14	2026-09-14	2026-09-14	NEW	Ninguna accion. Revisar solo si alguna vez quiere red clinica de psiquiatria en Espana.		https://congresonacionaldepsiquiatria.es/	Tier 2, resultados de busqueda del 2026-09-14 (ficha de la Comunidad de Madrid y sepsm.org): 12-14 nov 2026 en Sevilla, organizado por la SEPSM. No se abrio la web oficial del congreso, de ahi LIKELY; cuotas y plazo de comunicaciones sin verificar. Descartado en la misma busqueda el XXXV Congreso Nacional de Psiquiatria Legal (Zaragoza, 20-22 may 2027) por no tener relacion con sus lineas.
E-0019	EPA 2027 - 35th European Congress of Psychiatry	Congress	European Psychiatric Association	Florence	Italy	2027-04-03	2027-04-06	2026-10-07	2026-10-07		YES - EPA Travel Grants, applied for inside the same abstract submission system (one submission covers both); awarded to selected abstract submitters to offset congress travel. Amount not published on the abstract page. Tied to the 2026-10-07 abstract deadline.	Psiquiatras, investigadores en salud mental, early career psychiatrists	4	Open NOW and closing in two days, and it is the only on-profile congress where she can both present and apply for the travel grant in a single submission. Her Nature Mental Health GWAS/PRS psychiatric manuscript under review is ready-made e-poster material, so the work is hours not days. Florence in April 2027 still falls inside the residency (ends 22 May 2027), so it costs leave days plus hospital permission - but an EPA Travel Grant would remove most of the cash cost, and EPA is the largest European psychiatry audience for a genetics-trained MD who wants clinical-psychiatry visibility rather than only genetics visibility. Caveat: EPA is a general psychiatry congress, so the genetics sessions are thin compared with WCPG; treat it as reach and funding, not as her methods community.	MEDIUM	XS	VERIFIED	2026-10-05	2026-09-21	2026-10-05	UPDATED	SUBMIT BY 2026-10-07 (two days). Submit the Nature Mental Health paper as an e-poster abstract and TICK the EPA Travel Grant application in the same submission - there is no second chance, EPA has stated there will be NO late-breaking round for 2027. If accepted, presentation must be confirmed and registration completed by 2027-02-01.	NEW	https://www.epa-congress.org/abstract-submission/	Tier 1, read 2026-10-05 at epa-congress.org/abstract-submission/: 'Abstracts must be received by the extended deadline on 7 October 2026' - the once-extended deadline STILL STANDS and the call is still open. Page states explicitly 'Late-breaking abstract submission will not be available for EPA 2027. All abstracts must therefore be submitted by the official deadline.' Also states accepted presenters must confirm and register by Monday 1 February 2027, and that EPA awards Travel Grants to abstract submitters via the same system. Registration fees still not published.
E-0020	Probabilistic Modeling in Genomics 2027 (ProbGen 2027)	Methods conference	Cold Spring Harbor Laboratory	Cold Spring Harbor NY	USA	2027-03-01	2027-03-04	2027-01-08	2027-01-08	168	Desconocido	Desarrolladores de metodos en genetica estadistica y de poblaciones	3	El temario incluye explicitamente 'Quantitative Genetics and Association Mapping', que es su linea 1, y los organizadores (Nandita Garud, Adam Siepel, Yun Song) son nombres centrales de la genetica estadistica. El freno es que es una reunion de gente que DESARROLLA metodos y ella es usuaria de PLINK y R: 804-1088 EUR mas vuelo a Nueva York no se sostienen pagandolo ella. La jugada sensata es la inscripcion VIRTUAL de estudiante, 168 EUR, que da orales por Zoom, galeria de posters, el Slack del congreso y el archivo de video.	HIGH	XS virtual / M presencial	VERIFIED	2026-09-21	2026-09-21	2026-09-21	NEW	Decidir antes del 2027-01-08 si envia abstract; si no, inscripcion virtual de estudiante (plazo estandar de inscripcion 2027-02-25, 17:00 ET).	NEW	https://meetings.cshl.edu/meetings.aspx?meet=PRGEN	meetings.cshl.edu abierta el 2026-09-21. Precios originales en USD a ~0.86 EUR/USD: paquete estudiante presencial sin alojamiento 935 USD = 804 EUR; con alojamiento 1265 USD = 1088 EUR; VIRTUAL para estudiante de posgrado 195 USD = 168 EUR, que es el importe cargado en Cost_EUR. La ficha aparece etiquetada como 'past event' por un artefacto de la plantilla web, pero fechas, plazos y paquetes de 2027 estan publicados y son coherentes. CSHL recomienda que quien presente asista en persona.
E-0021	Epigenomics of Common Diseases 2026	Conference (hibrida)	Wellcome Connecting Science	Hinxton (Cambridge)	United Kingdom	2026-11-04	2026-11-06	2026-09-07	2026-10-26	63	Si, bursaries de hasta el 50% de la cuota, pero exigian abstract y cerraron el 2026-08-03	Investigadores en epigenomica, enfermedad compleja, desarrollo y envejecimiento	2	Tangencial a sus tres lineas y con los dos plazos que importaban ya vencidos: este ano solo podria ir de oyente.	MEDIUM	XS	VERIFIED	2026-09-21	2026-09-21	2026-09-21	NEW	Si quiere escuchar, inscribirse en virtual antes del 2026-10-26 por 63 EUR. Lo importante de esta fila no es 2026: es poner en seguimiento el calendario de conferencias de Wellcome Connecting Science para cazar 'Genomics of Brain Disorders' 2027-2028 con tiempo de pedir bursary, que cierra unos 3 meses antes del evento.	NEW	https://coursesandconferences.wellcomeconnectingscience.org/event/epigenomics-of-common-diseases-20261104/	Pagina oficial del evento abierta el 2026-09-21. Precios originales en GBP a ~1.15 EUR/GBP: virtual estudiante 55 GBP = 63 EUR (importe cargado); virtual academico 105 GBP = 121 EUR; presencial estudiante tarifa late 429 GBP = 493 EUR mas 240 GBP = 276 EUR por noche de alojamiento en campus. La presencial tardia cierra el 2026-10-05 y la virtual el 2026-10-26. Se ficha sobre todo porque descubre el patron util: las conferencias de esta serie son baratas para estudiantes, estan en Europa, tienen modalidad virtual y dan bursaries priorizando doctorandos. La edicion 2026 de 'Genomics of Brain Disorders', que si es su tema, fue el 16-18 sep 2026 y ya paso.
E-0022	World Congress of Psychiatric Genetics 2027 (WCPG 2027)	Congreso internacional	International Society of Psychiatric Genetics (ISPG)	Brisbane	Australia	2027-11-09	2027-11-13				Si - ISPG Early Career Investigator Program (ECIP, estipendio de viaje + mentor senior asignado) y Peter McGuffin Memorial Scholarship. Elegibilidad ECIP: estudiante de posgrado o de medicina, postdoc o menos de 5 anos desde el doctorado; excluye a quien haya recibido beca de viaje en las cuatro ediciones previas. Cuantia 2027 no publicada (historico 2017-2018: 500-2.000 USD). Convocatoria 2026 cerro el 14-05-2026, esperar ventana analoga en mayo de 2027	Investigadores en genetica psiquiatrica, GWAS/PRS, psiquiatras clinicos e investigadores basicos	5	Es su congreso central: la linea 2 de su perfil (GWAS/PRS de trastornos psiquiatricos) es literalmente el objeto del WCPG, y su manuscrito empirico en revision en Nature Mental Health sale de un proyecto de QIMR Berghofer, instituto radicado en Brisbane. Ir al WCPG 2027 significa presentar ese trabajo en la ciudad de sus propios colaboradores y poder encadenar visita al instituto, lo que convierte el viaje en prospeccion de postdoc y no solo en un poster. El calendario le favorece de forma poco habitual: acaba la residencia el 22-05-2027, asi que en noviembre de 2027 ya no depende de dias libres del hospital, y llega tres meses antes de la defensa prevista (feb 2028), el momento exacto para buscar grupo. En contra pesan el coste (vuelo de larga distancia desde Malaga, el gasto mas alto de toda la pestana) y el visado: ciudadana UE necesita ETA australiana, tramite barato y telematico, bandera y no bloqueo. La decision economica depende de conseguir el ECIP, asi que la accion util es preparar el abstract y solicitar la beca, no reservar nada.	Alta para charla oral, moderada para poster; el ECIP es competitivo pero con cupo amplio	S	VERIFIED	2026-10-05	2026-09-28	2026-10-05	UNCHANGED	Watch ispg.net for a wcpg-2027 page (the pattern is ispg.net/wcpg-YYYY/, currently only wcpg-2026 exists). Expect the Early Career Investigator Programme application to open and close in early June 2027: the equivalent deadlines were 2025-06-05 and 2024-06-06. Abstract submission for WCPG normally opens in spring. Re-check monthly from March 2027.		https://ispg.net/	Re-verified Tier 1 on 2026-10-05 from the ispg.net home page: 'WCPG 2027 will be held in Brisbane, Australia from November 9-13, 2027'. VERIFIED NEGATIVE: no abstract deadline, no registration information and no ECIP window or award amount are published anywhere on ispg.net yet (ispg.net/world-congress/ returns 404; only ispg.net/wcpg-2026/ exists). ECIP timing estimated from the 2024 and 2025 editions (deadlines 6 Jun 2024 and 5 Jun 2025) - LIKELY, not verified for 2027. ECIP award amount still unknown.
E-0023	European Human Genetics Conference 2028 (ESHG 2028)	Congreso internacional	European Society of Human Genetics (ESHG)	Por confirmar	Por confirmar	2028-06-17	2028-06-20				Si - previsible el mismo esquema de fellowships que ESHG 2026/2027 (exencion de inscripcion + 400 EUR de viaje para candidaturas europeas), pendiente de confirmar para esta edicion	Genetistas humanos y clinicos, genetica estadistica, genomica	4	ESHG es el gran congreso europeo de genetica humana y cubre de lleno su linea 1 (genetica estadistica de rasgos complejos) con sesiones habituales de GWAS y scores poligenicos. El valor de esta edicion concreta es de calendario: junio de 2028 cae despues de la defensa prevista (feb 2028), es decir, en el momento en que va a estar buscando postdoc y ya podra presentarse como doctora y no como residente, con los dos manuscritos previsiblemente publicados. Ademas es en la UE (sin visado) y con el esquema de fellowship que le cubre inscripcion mas 400 EUR, asi que el coste real es asumible. La reserva es que la sede aun no esta anunciada, lo que impide estimar el viaje. Es una fila para tener en el radar, no para actuar este ano.	Moderada	S	VERIFIED	2026-09-28	2026-09-28	2026-09-28	NEW	Revisar eshg.org/conferences/future-eshg-meetings en 2027 para la sede y el plazo de abstracts		https://www.eshg.org/conferences/future-eshg-meetings	Pagina oficial de futuras reuniones de ESHG (Tier 1): ESHG 2028 el 17-20 de junio de 2028, sede por anunciar. La misma pagina anuncia ESHG 2029 para el 26-29 de mayo de 2029, tambien sin sede
E-0024	Sleep Europe 2028 - 29th Congress of the European Sleep Research Society	Conference	European Sleep Research Society (ESRS), local host British Sleep Society	Edinburgh	United Kingdom						UNKNOWN for 2028. ESRS has historically run congress bursaries / travel support for early-career members, but nothing is published for the 2028 edition yet.	European sleep researchers and sleep clinicians; basic plus clinical plus epidemiology	4	ESRS is the European home of her third research line (genetics of infant/toddler sleep) and the natural venue to present the Journal of Sleep Research review once it is out - a sleep audience rather than a genetics audience, which is exactly where collaborators and phenotype cohorts for an infant-sleep GWAS live. A 2028 edition sits after her residency ends (22 May 2027) and after her February 2028 defense, so it costs no leave days and needs no hospital permission; Edinburgh is a short-haul flight from Spain with no visa and ESRS early-career rates are far below SLEEP/APSS in the USA. Low-effort route in: an e-poster built from the review plus existing posters.	LOW	S	LIKELY	2026-10-05	2026-10-05	2026-10-05	NEW	Re-check esrs.eu/sleep-congress in a browser around the Maastricht congress (20-23 Oct 2026), when the next host city and dates are normally announced at the closing session.		https://esrs.eu/sleep-congress/	Edinburgh host agreed by two independent Tier 2 sources: the British Sleep Society ESRS 2028 bid page (sleepsociety.org.uk/esrs-2028-bid) and the Bid Manual ESRS 2028 PDF hosted on esrs.eu. No Tier 1 confirmation of dates: esrs.eu returned HTTP 403 to automated fetching on 2026-10-05.
E-0025	23rd Annual Meeting of the Complex Trait Community (CTC-RG 2026)	Conference	Complex Trait Community with the Rat Genome community; hosted at The Roux Institute, Northeastern University	Portland, Maine	United States	2026-11-08	2026-11-13	2026-08-14	2026-08-14		UNKNOWN - no travel award scheme documented on complextrait.org	Complex-trait and systems genetics; strongly model-organism (mouse/rat) weighted	2	A real complex-trait statistical-genetics venue she was missing, but the 2026 edition is joint with the Rat Genome community and model-organism heavy, the abstract deadline closed on 14 Aug 2026, and November 2026 falls mid-residency with US visa friction.	LOW	S	LIKELY	2026-10-05	2026-10-05	2026-10-05	NEW	Check complextrait.org/meetings in Q1 2027 for the 24th edition; CTC 2025 was held in Barcelona, so a European edition within easy reach is plausible and would raise this score.		https://complextrait.org/meetings	Dates and the 14 Aug 2026 abstract deadline from two Tier 2 sources that agree: the Jackson Laboratory education calendar entry and the 23rd CTC-RG 2026 flyer PDF on complextrait.org. complextrait.org/meetings itself was not opened, so LIKELY not VERIFIED. No 2027 edition announced anywhere.
