ID	Name	Company_or_Institution	Sector	City	Country	Remote_or_Onsite	Contract_Type	Salary_EUR_Year	Status	Open_Date	Deadline	Days_Left	Requirements_Key	Fit_1_5	Fit_Rationale	Competition_Level	Competition_Basis	Effort_Estimate	Confidence	Last_Verified	First_Seen	Last_Updated	Change_Flag	Next_Action	Owner_Status	URL	Source_Note
J-0001	Associate Manager, Statistical Genetics - Regeneron Genetics Center	Regeneron Pharmaceuticals (Regeneron Genetics Center)	Pharma/biotech R&D	Tarrytown, New York	USA	Hibrido (4 dias presenciales, indicado en el anuncio)	Indefinido de industria, via staff scientist / manager	101000-165000 aprox (el anuncio publica 109900-179300 USD)	CLOSED				Doctorado en genetica humana, bioestadistica o afin; 0-2 anos post-doctorado; GWAS/ExWAS, analisis de variante rara, aleatorizacion mendeliana, LD score regression, modelizacion de PRS, meta-analisis; PLINK, REGENIE, R, Python, C/C++; datos genotipo+fenotipo de ~3M de personas	4	La ficha r48469 devuelve hoy HTTP 404 en el propio dominio de Regeneron: la vacante ya no admite solicitudes, cosa esperada para un anuncio de hace semanas y sin consecuencia para ella, que no podia optar sin el doctorado defendido. Se confirma ademas que la pagina de genetica y genomica de careers.regeneron.com no enumera puestos, solo invita a la talent community, asi que como fuente de vigilancia rinde poco. Lo que se conserva de esta fila es el perfil de referencia (genetica estadistica de biobanco, REGENIE y pipelines de cohortes grandes) y la laguna tecnica a cerrar durante 2027.	HIGH	Grupo de genetica estadistica de referencia en la industria; grupo global de candidatos recien doctorados y postdocs para una banda de 0-2 anos, con el patrocinio de visado como filtro adicional	M	VERIFIED	2026-09-14	2026-08-23	2026-08-23	UPDATED	Dar por cerrada la vacante concreta y conservar la fila como referencia de perfil y banda salarial. Sustituir la vigilancia por la familia de plazas equivalente de GSK (fila nueva) y reintentar el portal de Regeneron en 2027 con la ruta /en/genetics-and-genomics-jobs/, que hoy sigue viva pero solo como pagina de captacion.	NEW	https://careers.regeneron.com/en/jobs/r48469/associate-manager-statistical-genetics-regeneron-genetics-center/	Rama 4. Pagina de empleo propia de Regeneron abierta directamente (Tier 1). La banda salarial la publica Regeneron en USD; la cifra en EUR es una aproximacion, no un importe oficial.
J-0002	Bolsa Unica de Empleo del SAS - inscripcion como Facultativo Especialista de Area (Laboratorio Clinico)	Servicio Andaluz de Salud (SAS), Junta de Andalucia	Sanidad publica espanola (CCAA Andalucia)	Andalucia (eleccion de provincia; Malaga relevante)	Spain	Presencial	Nombramientos estatutarios temporales desde una bolsa permanente baremada		ROLLING				Titulo de especialista en la categoria correspondiente (el suyo: Laboratorio Clinico, segun RD 101/2025, al terminar la residencia el 22-05-2027); inscripcion en la Bolsa Unica, permanentemente abierta y actualizable; baremo de meritos con cortes periodicos; dos subbolsas, seleccion y provision (PIT)	4	The single most actionable item in career lane 2, and actionable precisely because it is not an advert. Her residency ends in Malaga on 2027-05-22, and the SAS is the service that already knows her: registering in the Bolsa Unica the week the titulo is issued starts the clock on a baremo that rewards exactly what she is accumulating - residency months in an SAS centre, publications, congress activity, and doctorate points once she defends in 2028. The MD half of the profile is what qualifies her here; the PhD adds baremo points rather than eligibility. Effort is small: an electronic registration plus documented merits, no exam, and no deadline to miss, since the pool is permanently open and merits are re-scored at cut-offs. No visa issue. Salary is the statutory FEA scale, well below industry but stable, and she has set no floor. RISK TO FLAG, verified this run: the category she will hold from May 2027 is Laboratorio Clinico, a title created by RD 101/2025 which suppressed Analisis Clinicos and Bioquimica Clinica, while CCAA bolsa catalogues still name the old categories - she must confirm with the SAS which category code her titulo maps to rather than assume, and register under the Analisis Clinicos/Bioquimica Clinica equivalence if the new code is not yet live. Contact: SAS 955 012 012, or the personnel unit of the Hospital Regional Universitario de Malaga, which handles this routinely for its own residents.	MEDIUM	Las categorias FEA de laboratorio son deficitarias de forma cronica en Andalucia; se compite por posicion en el baremo, no por examen, y los residentes del propio servicio parten con ventaja	S	VERIFIED	2026-09-28	2026-08-23	2026-09-28	UNCHANGED	Nada que presentar antes de mayo de 2027. Hasta entonces: mantener archivada la documentacion de meritos (contratos, cursos, posteres, publicaciones) y, a principios de 2027, preguntar a la unidad de personal de Malaga a que categoria de bolsa se mapea el nuevo titulo de Laboratorio Clinico. Inscribirse en la Bolsa Unica inmediatamente despues del 22-05-2027.	NEW	https://www.sspa.juntadeandalucia.es/servicioandaluzdesalud/profesionales/ofertas-de-empleo/bolsa-de-empleo	Tier 1: portal de Bolsa de empleo del Servicio Andaluz de Salud, abierto y respondiendo 200 el 2026-09-28; sin cambio material respecto a la verificacion anterior
J-0003	Via transitoria al titulo de especialista en Genetica Medica y en Genetica de Laboratorio (dos reales decretos separados, aun sin publicar)	Ministerio de Sanidad / BOE	Sanidad publica espanola (via de acceso al titulo)	Nacional	Spain	N/A	Via de acceso excepcional al titulo de especialista, no un puesto		PENDING				Serian dos titulos y dos reales decretos distintos: Genetica Medica reservada a titulados en Medicina y Genetica de Laboratorio abierta a Medicina, Farmacia, Biologia, Quimica y Veterinaria, ambas de cuatro anos; la disposicion transitoria de acceso excepcional se anuncia siguiendo el modelo de Pediatria y Urgencias, es decir acreditando prestacion de servicios en el area, requisito de anos de ejercicio que ella NO tendra al terminar la residencia en mayo de 2027	4	EL RIESGO GRANDE DEL PERFIL, y a 2026-09-28 sigue sin resolverse. Cronologia fechada, ampliada esta semana: resoluciones de inicio de tramitacion en junio de 2025; consulta publica previa el 01-07-2025; el 23-12-2025 la Direccion General de Ordenacion Profesional declara los borradores 'practicamente ultimados'; el 15-04-2026 la ministra de Sanidad dice que el proceso 'esta en sus ultimas revisiones para iniciar el tramite de audiencia de forma inminente' y la propia Direccion General de Ordenacion Profesional admite que 'es dificil que todo este engranaje este listo para el examen de 2027', desplazando el estreno MIR a 2028; el 21-09-2026 el listado de audiencia publica de Sanidad seguia sin ningun proyecto de Genetica; y el 27-09-2026, comprobado de nuevo por esta rutina, ese listado tiene exactamente tres proyectos abiertos -Fondo de cohesion sanitaria (DG/87/26), cartera de servicios comunes de salud publica (DG/79/26) y preparados para lactantes (DG/73/26)- y NINGUNO es de Genetica. Quince meses desde el inicio de la tramitacion y el proyecto no ha llegado siquiera a audiencia publica: LA ESPERA ES EL DATO. Y hay un dato nuevo que la empeora, porque encadena plazos: segun la informacion de 15-04-2026, tras la publicacion en el BOE hacen falta tres meses mas para constituir las comisiones nacionales y otros seis para elaborar los programas formativos. Si el real decreto se publicase hoy, el engranaje no estaria montado antes de mediados de 2027. Por que le importa tanto a ella: es MD con residencia de Analisis Clinicos (fin 22-05-2027) y tesis en genetica estadistica, es decir el perfil exacto al que apunta la disposicion transitoria de acceso extraordinario al titulo -que si figura en los borradores y que, segun las declaraciones recogidas, se basara en anos de experiencia y competencias demostrables-. El acceso a Genetica Medica queda reservado a licenciados en Medicina, lo que juega a su favor. Pero mientras el real decreto no se publique no hay requisitos, no hay plazo y no hay nada que solicitar: no es un tramite que se pueda preparar, es un reloj que hay que vigilar. Que puede hacer entretanto, y es trabajo real: acumular y documentar experiencia atribuible a genetica (rotaciones, informes, publicaciones, tesis) porque sera lo que baremen si la via transitoria se articula por meritos acreditados.	UNKNOWN	No hay convocatoria ni criterios publicados: no se puede estimar	M	VERIFIED	2026-09-28	2026-08-23	2026-09-28	UPDATED	Vigilancia semanal de dos paginas y nada mas: el listado de audiencia publica de Sanidad (SRC-0055) y el BOE (SRC-0028). Cuando el proyecto aparezca en audiencia publica, leer la disposicion transitoria el mismo dia y extraer los requisitos de acceso extraordinario y el plazo. Suscribirse a la lista 'Participacion Publica en Proyectos Normativos' del Ministerio de Sanidad, que avisa por correo de cada nuevo tramite de audiencia, eliminaria el riesgo de perder la ventana	NEW	https://www.sanidad.gob.es/normativa/audiencia/home.htm	Rama 4, pasada del 2026-09-21. Tier 1 abierto y leido hoy: listado de audiencia e informacion publica del Ministerio de Sanidad (SRC-0055), con los dos unicos proyectos vivos identificados por codigo y plazo y ninguno de Genetica. La ausencia en el BOE se comprobo por busqueda acotada al dominio boe.es, que sigue sin devolver ningun real decreto de Genetica Medica ni de Genetica de Laboratorio y si el RD 101/2025 de Laboratorio Clinico: esa parte es LIKELY, no VERIFIED, y se mantiene anotado que el formulario GET de boe.es/buscar/legislacion.php esta bloqueado para un agente. Las fechas de junio de 2025 (resoluciones de inicio) y de 23-12-2025 (borradores practicamente ultimados, salida en breve a audiencia) y la referencia al MIR 2027 proceden de prensa sectorial concordante (Gaceta Medica, ConSalud, iSanidad, Infobae/Europa Press, Genotipia), varios medios independientes que coinciden: Tier 2, registrado como tal. CONFLICTO AEGH: sigue abierto y no se reabrio esta semana por presupuesto; la hipotesis viva sigue siendo que el texto de la AEGH se refiera al RD 203/2025 de formacion sanitaria especializada y no a un real decreto de Genetica
J-0004	Facultativo Especialista en Analisis Clinicos - concurso-oposicion SERMAS (ref. E907, 47 plazas)	Servicio Madrileno de Salud (SERMAS), Comunidad de Madrid	Sanidad publica espanola (CCAA Madrid)	Madrid	Spain	Presencial	Plaza estatutaria fija		CLOSED	2021-12-14			Titulo de especialista en Analisis Clinicos en el momento de solicitar; concurso-oposicion (examen mas meritos); 44 plazas turno libre + 3 de discapacidad	3	Logged not as an opportunity but as the calibration point for lane 2 in Madrid, where she took her degree (UCM) and has a network. The process is over - convoked in BOCM on 2021-12-14, definitive merit list 2026-01-23, plaza choice 14-28 May 2026, successful candidates 2026-06-18, documentation to 2026-07-02 - and that tells us two useful things. First, the cycle length: four and a half years from convocatoria to appointment, so an OEP she entered in 2028 would resolve around 2032, which makes the bolsa the only near-term route to actually working in Madrid. Second, the category in Madrid is still named Analisis Clinicos, not the new Laboratorio Clinico of RD 101/2025 - the same catalogue-lag risk flagged in the SAS row, confirmed in a second CCAA. She is not eligible for this edition and it is closed; what to watch is the next SERMAS OEP in the category, and she will hold the titulo from 2027-05-22, comfortably before any plausible 2028-or-later convocatoria deadline. Effort when it comes is real: a concurso-oposicion means an exam on clinical laboratory content, so months of preparation, unlike the bolsa.	HIGH	Grupo nacional de especialistas compitiendo por 47 plazas fijas en Madrid mediante examen; las plazas estatutarias fijas en una region atractiva son la via mas disputada	L	VERIFIED	2026-08-23	2026-08-23	2026-08-23	NEW	Vigilar sede.comunidad.madrid y el BOCM para la proxima convocatoria de OEP en la categoria; mientras tanto tratar Madrid como opcion solo de bolsa antes de 2028.	NEW	https://sede.comunidad.madrid/oferta-empleo/facultativo-especialista-analisis-clinic	Rama 4. Ficha del proceso en la sede electronica de la Comunidad de Madrid abierta (Tier 1); fechas y numero de plazas leidos en ella. Convocatoria original BOCM 14-12-2021; resolucion de superacion BOCM 13-05-2026.
J-0005	Facultativo/a Especialista en Analisis Clinicos - concurso de meritos Ley 20/2021 (estabilizacion)	Conselleria de Sanitat, Generalitat Valenciana	Sanidad publica espanola (CCAA Comunitat Valenciana)	Valencia (destinos en toda la Comunitat)	Spain	Presencial	Plaza estatutaria fija por concurso de meritos extraordinario		CLOSED				Titulo de especialista; concurso solo de meritos (sin examen) restringido al proceso de estabilizacion de la Ley 20/2021; oferta de vacantes y eleccion de destino resueltas el 23-07-2026, acto presencial de destinos el 30-07-2026	2	Closed and structurally unrepeatable: the Ley 20/2021 estabilizacion was a one-off merits-only route that has now consumed the Valencian vacancies in her category, so her realistic Valencian entry is the permanently open lista de empleo temporal recorded in sources.	UNKNOWN	No evaluado	XS	LIKELY	2026-08-23	2026-08-23	2026-08-23	NEW	Sin accion; usar en su lugar la lista de empleo temporal de la GVA.	NEW	https://sede.gva.es/es/detall-ocupacio-publica?id_emp=87684	Rama 4. No abierta directamente (presupuesto); las fechas las corroboran dos informaciones secundarias independientes sobre la resolucion del 23-07-2026 y el acto de destinos del 30-07-2026. Tratar como LIKELY.
J-0006	OPE Libre - Facultativo Especialista en Analisis Clinicos (6 plazas)	Servicio Murciano de Salud (SMS)	Sanidad publica espanola (CCAA Region de Murcia)	Murcia	Spain	Presencial	Plaza estatutaria fija (oposicion libre)		CLOSED				Titulo de especialista en Analisis Clinicos; oposicion libre; 6 plazas en la OPE de 2025	2	Recorded only as evidence that Murcia - where her PhD is registered - runs OPEs in her category at a workable volume, so its bolsa and the next OPE are worth watching even though this edition predates her titulo.	UNKNOWN	No evaluado	XS	UNVERIFIED	2026-08-23	2026-08-23	2026-08-23	NEW	Confirmar numero de plazas y estado contra el BORM cuando aparezca la proxima OPE del SMS; inscribirse en la bolsa del SMS despues de mayo de 2027.	NEW	https://www.murciasalud.es/empleo.php?idsec=39	Rama 4. El numero de plazas procede de un resumen sindical/secundario de la OPE 2025 del SMS, no del BORM, de ahi UNVERIFIED. La URL del portal si esta verificada.
J-0007	Convocatorias de empleo FIMABIS / IBIMA-Plataforma BIONAND (portal RFGI-SSPA)	FIMABIS - Fundacion Publica Andaluza para la Investigacion de Malaga en Biomedicina y Salud (gestora de IBIMA-Plataforma BIONAND)	Investigacion biomedica publica (Sistema Sanitario Publico de Andalucia)	Malaga	Spain	Onsite	Convocatorias temporales por proyecto (personal tecnico e investigador)	No publicado en el portal general; cada convocatoria fija categoria y retribucion	ROLLING				Varia por convocatoria (titulado superior, investigador postdoctoral, tecnico); IBIMA declara perfiles de bioinformatica, bioestadistica y ciencia de datos en salud, y tiene ECAI de Bioinformatica coordinada por Juan Antonio Garcia Ranea y grupos de neurociencia/psiquiatria (Patricia Moreno Peral, Antonia Serrano Criado)	4	(a) Encaje: es su propio ecosistema local. Ana esta destinada en el Hospital Regional Universitario de Malaga hasta el 22-05-2027 y IBIMA es el instituto de investigacion sanitaria de ese hospital, con ECAI de Bioinformatica y grupos de neurociencia/psiquiatria; sus pipelines GWAS/PRS con PLINK y R encajan en los perfiles de bioinformatica/bioestadistica que el instituto declara contratar. El combo MD + doctorado en curso es exactamente lo que valoran los IIS para puestos de investigador con anclaje clinico. (b) Candidatura: cada convocatoria pide CV baremado, titulacion y a veces memoria; el esfuerzo real por convocatoria es de horas, no dias, porque el baremo es administrativo. (c) Condiciones: no hay retribucion publicada en la pagina general; se fija en cada convocatoria. (d) Sin visado ni mudanza: es su ciudad. (e) Gancho: escribir a la ECAI de Bioinformatica (Garcia Ranea) o a un grupo de salud mental ofreciendo genetica estadistica aplicada a cohortes propias del instituto, antes de que salga convocatoria. AVISO DE CALENDARIO: mientras siga en la residencia MIR no puede ocupar un contrato de investigacion a tiempo completo; el uso realista de este canal empieza en la primavera de 2027 y las convocatorias son de plazo corto, asi que el valor es vigilarlo, no presentarse hoy.	MEDIUM	Convocatorias locales de un IIS andaluz con baremo administrativo; concurrencia menor que la de un portal internacional pero con candidatos locales ya vinculados al instituto	XS	VERIFIED	2026-09-28	2026-09-07	2026-09-28	UNCHANGED	En marzo de 2027 revisar semanalmente el portal RFGI (tipo FIMAB_EM) y, antes, en Q4 2026, escribir a la ECAI de Bioinformatica de IBIMA (Juan Antonio Garcia Ranea) presentandose como MD residente de Laboratorio Clinico con pipelines GWAS/PRS propios y disponibilidad a partir de junio de 2027	NEW	https://www.rfgi.es/ConvocatoriasPropiasFIMABIS/es/Convocatorias/DesgloseEstadoTipoConvocatoria/FIMAB_EM	Tier 1: portal RFGI-SSPA de convocatorias propias de FIMABIS, abierto el 2026-09-28; responde 200 y mantiene las pestanas de Convocatorias Abiertas / Cerradas / Proximas, pero el listado se carga dentro de un marco y no se rindio en texto, de modo que se confirma que el portal sigue vivo, no que haya convocatoria abierta hoy
J-0008	Seleccion temporal de FEA del SERGAS (listas de contratacion, Galicia)	Servizo Galego de Saude (SERGAS) - Conselleria de Sanidade, Xunta de Galicia	Sistema publico de salud (SNS, Galicia)	Santiago de Compostela (sede); plazas en las siete areas sanitarias gallegas	Spain	Onsite	Nombramiento estatutario temporal por lista de seleccion temporal; via paralela y permanente a la OPE	No publicado en la pagina; retribucion de FEA segun tablas del SERGAS	ROLLING				Titulo de especialista de la categoria correspondiente; el catalogo del SERGAS sigue usando FEA Analisis Clinicos/Bioquimica Clinica y no recoge todavia ni Laboratorio Clinico ni Genetica; ademas de las listas generales hay convocatorias puntuales por area sanitaria resueltas por meritos, entrevista o prueba teorico-practica	4	Encaja porque es exactamente el carril clinico espanol de primera clase: nombramiento estatutario de FEA en la especialidad de laboratorio que ella tendra el 22-05-2027, sin exigir doctorado defendido (su defensa es febrero de 2028) y sin visado ni mudanza fuera de la UE. Galicia amplia el mapa mas alla de Andalucia, Madrid, Cataluna, Valencia y Murcia y funciona con dos mecanismos: listas generales de seleccion temporal, cuyo plazo ordinario de inscripcion es del 1 de marzo al 30 de abril de cada ano segun la pagina general de contratacion temporal de la Xunta (Tier 2, LIKELY, no confirmado en la propia pagina del SERGAS), y convocatorias sueltas por area sanitaria publicadas de forma continua (verificadas hoy: Embriologo/a RHA con 6 plazas del 31-08-2026, FEA Radiodiagnostico-Neurorradioloxia del 21-08-2026, FEA Cirugia General del 10-08-2026). El esfuerzo real es documental, no competitivo: inscripcion telematica, autobaremo y acreditacion de meritos; no piden carta de motivacion ni charla. NO puede inscribirse ahora: hasta el 22-05-2027 no tiene titulo de especialista, asi que su ventana util es el plazo de marzo-abril de 2028, o antes una convocatoria puntual de area que admita nombramiento inmediato posterior a esa fecha. Riesgo documentado: al no existir aun la categoria Laboratorio Clinico en el catalogo gallego, habra que comprobar que el titulo del RD 101/2025 se admite en la categoria de Analisis Clinicos/Bioquimica Clinica.	MEDIUM	Lista abierta a cualquier especialista del Estado, pero el baremo premia servicios prestados en el SERGAS y el conocimiento de gallego, lo que la deja por debajo de las candidatas locales en la parte de meritos	S	VERIFIED	2026-09-28	2026-09-07	2026-09-28	UNCHANGED	En marzo de 2027 abrir sergas.gal/Recursos-Humanos/Emprego-publico-Seleccion-temporal y confirmar en la propia resolucion el plazo anual de inscripcion en listas; preparar la documentacion en abril de 2027 e inscribirse en el plazo de marzo-abril de 2028, ya con el titulo	NEW	https://www.sergas.gal/Recursos-Humanos/Emprego-publico-Seleccion-temporal?idioma=es	Tier 1: pagina de seleccion temporal de FEA del SERGAS, abierta el 2026-09-28. Sigue activa y con movimiento (la convocatoria mas reciente listada se publico en el DOG el 31-08-2026, de Embriologo/a en Reproduccion Humana Asistida, 6 plazas). La unica convocatoria de FEA Bioquimica Clinica/Analisis Clinicos que figura sigue siendo la de la Unidad de Metabolopatias del Area Sanitaria de Santiago de Compostela y Barbanza, publicada el 01-07-2025: ninguna nueva de su categoria desde entonces
J-0009	Bolsa de trabajo temporal de Osakidetza - categoria Laboratorio Clinico (sustituye a Analisis Clinicos y Bioquimica Clinica)	Osakidetza - Servicio Vasco de Salud	Sistema publico de salud (SNS, Pais Vasco)	Vitoria-Gasteiz (sede); plazas en las OSI del Pais Vasco	Spain	Onsite	Bolsa de contratacion temporal (lista de contratacion de personal estatutario)	No publicado	CLOSED	2026-07-06	2026-07-27		La Resolucion 1060/2026 abrio el plazo de inscripcion el 06-07-2026 y lo cerro el 27-07-2026; la lista nueva de Laboratorio Clinico sustituye expresamente a las de Analisis Clinicos y Bioquimica Clinica; inscripcion por el area privada de lanpoltsa.osakidetza.eus; Osakidetza declara que la bolsa queda permanentemente abierta a nuevas altas cuando se preve agotamiento de listas; AMBIGUEDAD NO RESUELTA: el rotulo leido es FEM-Tecnico/a de Laboratorio Clinico y no he podido determinar si la categoria es de facultativo especialista o de tecnico de formacion profesional	3	Interesa por dos motivos. Primero, es el unico servicio autonomico de los ya mapeados que ha adoptado la denominacion LABORATORIO CLINICO del RD 101/2025 (BOE 19-02-2025), justo el titulo que ella tendra el 22-05-2027, mientras Madrid, Valencia y Murcia siguen con Analisis Clinicos: confirma que el cambio de nomenclatura ya esta bajando a las CCAA y marca a Osakidetza como el canal donde su titulo encajara sin traduccion. Segundo, es un mecanismo de bolsa, no una oposicion, con esfuerzo documental bajo y sin visado. La razon de que el Fit sea 3 y no 4 es una condicion sin resolver, no la competencia: la categoria aparece rotulada como FEM-Tecnico/a de Laboratorio Clinico y no he podido confirmar si es la lista de facultativos especialistas (encaje pleno) o la de tecnicos de laboratorio de FP (encaje nulo). No puede presentarse en ningun caso a esta edicion: el plazo cerro el 27-07-2026 y ademas hasta el 22-05-2027 no tendra el titulo. Sin salario publicado en la pagina. Contacto util ya identificado: 2021lp-lc@osakidetza.eus, indicando en el asunto ACTUALIZACION y la categoria.	UNKNOWN	No se publica numero de inscritas ni de nombramientos por categoria	S	VERIFIED	2026-09-07	2026-09-07	2026-09-07	NEW	Antes de junio de 2027 escribir a 2021lp-lc@osakidetza.eus preguntando (a) si la lista de Laboratorio Clinico es de facultativo especialista y (b) cuando se abre el proximo plazo de alta, dado que la bolsa se declara permanentemente abierta; revisar la pagina de contratacion temporal cada trimestre a partir de enero de 2027	NEW	https://www.osakidetza.euskadi.eus/contratacion-temporal/webosk00-procon/es/	Rama 4 (mas alla de la academia), carril 2 sistema publico. Pagina Tier 1 de Osakidetza abierta y leida el 2026-09-07: las fechas 06-07-2026 y 27-07-2026 y la Resolucion 1060/2026 son literales de la pagina. La naturaleza de la categoria (facultativo frente a tecnico) queda expresamente sin verificar.
J-0010	Bolsa de Empleo Abierta y Permanente (BAPE) de Sacyl - categoria Licenciados Especialistas (incluye Analisis Clinicos y Bioquimica Clinica)	Gerencia Regional de Salud de Castilla y Leon (Sacyl)	Sistema publico de salud (CCAA Castilla y Leon)	Valladolid (gestion regional; plazas en toda la comunidad)	Spain	Onsite	Nombramiento estatutario temporal (bolsa de contratacion)		ROLLING				Titulo de especialista de la categoria (Analisis Clinicos / Bioquimica Clinica, previsiblemente Laboratorio Clinico tras el RD 101/2025); nacionalidad UE; inscripcion telematica en la aplicacion BAPE con autobaremo, sin aportar documentacion en el momento del alta. PLAZO ESPECIFICO CONFIRMADO PARA QUIEN TERMINA RESIDENCIA: el articulo 15 de la ORDEN SAN/713/2016, de 29 de julio (BOCyL de 25-08-2016), da a los especialistas DOS DIAS HABILES desde el dia siguiente a la finalizacion oficial de la formacion especializada para registrarse en la aplicacion de bolsa. El dia de finalizacion cuenta como dia de formacion, y tener el certificado de fin de residencia antes de esa fecha, por vacaciones u otras razones, NO adelanta el computo: la fecha que vale es la que fija el Ministerio de Sanidad en sus guias del residente. Quien termine con posterioridad a la fecha oficial debe comunicarlo al Servicio de Seleccion de la Direccion General de Personal y Desarrollo Profesional (Paseo de Zorrilla n 1, 47007 Valladolid) y dispone igualmente de dos dias habiles. Los cortes de baremacion son anuales (ultima resolucion de corte publicada el 14-01-2026)	4	La bolsa abierta y permanente (BAPE) de Sacyl sigue viva y comprobada el 2026-09-28, y esta semana la pagina publica DOS cosas nuevas que la afectan directamente. Primera, y es la importante: la Gerencia Regional de Salud avisa de la 'reciente creacion de la categoria de Licenciado Especialista en Laboratorio Clinico, que unifica las especialidades de Bioquimica Clinica y Analisis Clinicos'. Las bolsas de ambas categorias siguen existiendo por separado por ahora, pero se han actualizado las zonas solicitables y los especialistas de las dos categorias pueden ya pedir todas las gerencias; a los inscritos en Bioquimica Clinica se les dio hasta el 09-09-2026 para modificar zonificacion con efecto 10-09-2026 y a los de Analisis Clinicos se les recuerda revisar la suya (campos Gerencia, Centro y Departamento). Es la ejecucion en Castilla y Leon del Real Decreto 101/2025, y confirma que cuando ella termine la residencia el 22-05-2027 el titulo que presentara se encuadrara en la categoria unificada. Segunda: la pagina publica un documento especifico de 'Procedimiento inscripcion FIN MIR_EIR 2026. BOLSA EMPLEO', es decir Sacyl documenta expresamente como se inscriben los residentes que acaban. Ese es el documento que hay que leer en su version 2027. El mecanismo fijado la semana pasada sigue siendo el nucleo y no se reabre: el articulo 15 de la ORDEN SAN/713/2016 da DOS DIAS HABILES contados desde el dia siguiente a la finalizacion oficial de la residencia, y la fecha que vale es la del Ministerio en la guia del residente, no la del contrato. Con fin de residencia el 22-05-2027, la ventana es de dos dias habiles: es el plazo mas corto y menos perdonable de toda la base, y por eso esta fila merece un recordatorio con fecha y no una revision semanal. Encaje: via clinica del perfil, no la investigadora; el PhD cuenta como merito de baremo. Sin visado, mudanza desde Malaga a Castilla y Leon, que el perfil acepta. Sin interlocutor con nombre: el canal es el portal de bolsa de Sacyl.	MEDIUM	Bolsa autonomica de una comunidad mediana con dificultad conocida para cubrir plazas de laboratorio; no hay numero de inscritos publicado en la pagina, de ahi que no se afirme mas.	XS	VERIFIED	2026-09-28	2026-09-14	2026-09-28	UPDATED	Poner un recordatorio duro para el 22-05-2027 con la ventana de dos dias habiles del art. 15 de la ORDEN SAN/713/2016, usando la fecha de fin de residencia del Ministerio y no la del contrato. Antes, en primavera de 2027, descargar la version actualizada del 'Procedimiento inscripcion FIN MIR_EIR' y comprobar si la bolsa a la que hay que inscribirse ya es la de Licenciado Especialista en Laboratorio Clinico en lugar de la de Analisis Clinicos		https://www.saludcastillayleon.es/profesionales/es/bolsa	Rama 4, carril 2 (sistema publico). Encargo prioritario de la pasada anterior, RESUELTO: abierto y leido hoy el PDF Tier 1 'Procedimiento de inscripcion en la bolsa de empleo de personal estatutario de la Gerencia Regional de Salud de los residentes/especialistas en ciencias de la salud (A1/A2) que finalicen la formacion especializada en el ano 2025', alojado en el propio dominio de Sacyl (https://www.saludcastillayleon.es/profesionales/es/bolsa.ficheros/3019518-Procedimiento%20inscripcion%20FIN%20MIR_EIR%202025.%20BOLSA%20EMPLEO.pdf). El PDF no se pudo leer ni por fetch normal ni con las herramientas de PDF del entorno (falta poppler y libreria de python): hubo que descomprimir a mano los flujos del fichero, y de ahi salen citas literales, incluido el articulo 15 de la ORDEN SAN/713/2016 y la tabla de fechas oficiales de fin de formacion de 2025 (R5 24-09-2025, R4 19-07-2025, R3 Radiofisica 30-05-2025, R2/EIR 22-05-2025). El documento es la edicion de 2025; la de 2027 aun no existe, asi que el plazo esta confirmado como regla vigente y con base normativa, no como fecha de su promocion
J-0011	Borsa de treball de l'Institut Catala de la Salut - facultatiu/iva especialista	Institut Catala de la Salut (ICS), Generalitat de Catalunya	Sistema publico de salud (CCAA Cataluna)	Barcelona (gestion central; places a tot Catalunya)	Spain	Onsite	Nombramiento estatutario temporal (borsa de treball)		ROLLING				Inscripcion telematica permanente con usuario propio y carga del curriculum en el Gestor de Curriculums; hay que tener registrada la titulacion habilitante ANTES de poder elegir la categoria; nacionalidad espanola o de un Estado miembro de la UE; titulos extranjeros homologados; la baremacion del desempeno se activa al acumular periodos trabajados superiores a tres meses; la inscripcion puede desactivarse y reactivarse, con un minimo de dos meses de desactivacion	4	Segunda via permanente del carril publico y la primera de Cataluna en la base. Encaja con su calendario por la misma razon que Andalucia o Castilla y Leon: no hay plazo que perder, el alta es telematica y continua, y el orden depende del curriculum baremado, no de acertar una convocatoria. La condicion tecnica que importa es que el ICS no deja seleccionar la categoria de facultativo especialista hasta que el titulo esta cargado en el Gestor de Curriculums, asi que no hay nada que hacer hasta tener el titulo de Laboratorio Clinico en mayo de 2027; lo que si se puede adelantar es el alta de usuario y el volcado del resto del curriculum (licenciatura, docencia, comunicaciones, los dos manuscritos cuando salgan). Esfuerzo bajo pero con trabajo real de curriculum. Ciudadana UE: sin visado ni homologacion. No hay salario en la pagina; seria el de facultativo especialista temporal del ICS. Cataluna suma ademas el idioma: el ICS exige acreditar nivel de catalan en los procesos, punto que esta fila NO verifica y que hay que comprobar en el pacte de seleccio temporal antes de contar con esta via.	HIGH	Cataluna concentra la mayor densidad de laboratorios clinicos y de genetica de Espana y la borsa es la puerta unica de entrada temporal al ICS; sin cifras publicadas de inscritos, la estimacion es cualitativa.	S	LIKELY	2026-09-28	2026-09-14	2026-09-28	UNCHANGED	En Q1 2027 abrir el quadre de categories del ICS y el calendari de baremacions para fijar (a) a que categoria mapea Laboratorio Clinico y (b) que corte de baremacion pilla tras el 22-05-2027; comprobar en el pacte de seleccio temporal el requisito de catalan.		https://ics.gencat.cat/ca/lics/treballeu-a-lics/treball-temporal/borsa-de-treball/	Tier 1: pagina de la borsa de treball del Institut Catala de la Salut, abierta el 2026-09-28. Sigue publicando el acceso a Inscripcio a la borsa de treball, el Pacte de seleccio temporal y los criterios de valoracion de merits: bolsa viva, sin cambio material
J-0012	Statistical Geneticist Investigator (Human Genetics / Genomic Sciences)	GSK (GlaxoSmithKline)	I+D farmaceutica	Multiples ubicaciones: asi lo titula literalmente el propio portal de GSK ('Statistical Geneticist Investigator in Multiple Locations'); cuales no se ha podido leer	UNKNOWN (probablemente Reino Unido y Estados Unidos)	UNKNOWN	UNKNOWN		OPEN				No verificados: la ficha del puesto no se pudo leer (la pagina de GSK devuelve solo el armazon del portal al fetch automatico). Por el titulo, genetica estadistica de descubrimiento de dianas; en GSK este tipo de plaza suele pedir doctorado y experiencia en analisis de biobancos	4	Es el puesto arquetipico de su carril 1 y de su tecnica declarada: genetica estadistica en I+D de farma, que es exactamente GWAS/PRS con PLINK y R sobre cohortes grandes, y GSK es ademas el equipo de human genetics mas activo del sector europeo en contratacion continua. Encaja con ELLA en linea de trabajo pero no en calendario ni en credencial: una plaza abierta hoy no seguira viva en mayo de 2027, y casi con seguridad pide doctorado defendido, que no tendra hasta feb-2028. Su valor real no es la vacante concreta sino la evidencia de que GSK mantiene abierta una familia entera de plazas (Statistical Geneticist Investigator, Investigator Novel Human Genetics, Genomic Data Scientist, Principal Scientist Genomics Analytics Engineer), es decir, una linea de contratacion recurrente a la que presentarse en 2028 con el doctorado en la mano. Lo que exige la solicitud es un CV con pipelines propios demostrables y publicaciones; ella tiene los pipelines y dos manuscritos en revision, y la laguna a cerrar durante 2027 es la misma que ya se identifico para Regeneron: REGENIE y analisis a escala de biobanco. Visado: si la plaza es de Reino Unido o Estados Unidos necesita patrocinio, que GSK concede habitualmente en estos roles pero que no esta verificado aqui. Sin salario publicado en lo que pude leer.	HIGH	Plazas de genetica estadistica en farma grande con alcance mundial y sin restriccion geografica de candidatos; base cualitativa, no hay datos de solicitantes.	M	UNVERIFIED	2026-09-21	2026-09-14	2026-09-21	UPDATED	No aplicar ahora y NO volver a intentar la ficha con herramientas automaticas: el bloqueo es estructural y gastar presupuesto en el es tirarlo. La lectura de requisitos, ubicacion y salario tiene que hacerla ella a mano abriendo https://jobs.gsk.com/en-gb/jobs/223316 en un navegador; merece la pena aunque no vaya a presentarse, porque fija el estandar de requisitos de la familia entera de plazas a la que si optara en 2028. Mantener jobs.gsk.com en la vigilancia semanal filtrando por genetics y reabrir esta linea en 2028 con el doctorado defendido		https://jobs.gsk.com/en-gb/jobs/223316?lang=en-us	Rama 4, carril 1. Encargo prioritario de la pasada anterior, intentado y NO resuelto, con el motivo ya establecido. El puesto SIGUE EXISTIENDO: una busqueda acotada al dominio del propio empleador devuelve hoy la ficha 223316 activa y titulada 'Statistical Geneticist Investigator in Multiple Locations', asi que la vacante lleva al menos dos semanas viva. Pero la ficha en si es ilegible para un agente: se intento dos veces, con la URL en-gb y con una variante de idioma distinta (de-de), y las dos devuelven unicamente el armazon del portal, sin titulo, requisitos, fechas ni salario. Queda confirmado que jobs.gsk.com es un portal que solo se pinta con JavaScript y pertenece a la lista de bloqueos conocidos del repo: no se debe reintentar. Por eso la fila se mantiene expresamente en UNVERIFIED pese a que la existencia del puesto si esta respaldada por el dominio del empleador y no por un agregador
J-0013	Medical Writer (Oxford o remoto en Reino Unido) y familia de plazas de redaccion y edicion medica	Oxford PharmaGenesis Ltd	Comunicacion cientifica / MedComms	Oxford y Londres	United Kingdom	Remote-UK o hibrido segun plaza	Permanent		OPEN				No detallados en el listado; la agencia declara buscar tanto comunicadores medicos con experiencia como recien titulados. Doce vacantes vivas en el portal, entre ellas tres Medical Writer (ref. 1421 Oxford/Remote-UK, 1420 USA, 1400 UK), un Senior Medical Writer (1392, Londres) y un Senior Medical Editor (1383, UK/Londres), todas permanentes	3	Es la primera prueba de que el carril 3 existe de forma verificable, despues de dos pasadas en blanco: son plazas Tier 1 leidas en el portal del propio empleador, no anuncios de agregador. Encaja con ella de forma plausible pero no automatica: MD con ingles C2 y dos manuscritos propios en revision es el perfil clasico de entrada a MedComms, y la redaccion medica valora precisamente el criterio clinico que ella tiene; lo que le falta es cualquier experiencia de agencia y un portafolio de materiales (abstracts, slide decks, publication plans), que es lo que la solicitud exige, normalmente con una prueba de escritura cronometrada. Trabajo de solicitud: CV reorientado a comunicacion, carta y prueba de escritura, de ahi M. Dos condiciones que hay que resolver y que impiden puntuar mas alto: (1) el calendario, porque estas doce plazas son permanentes pero se cubriran mucho antes de mayo de 2027, asi que el valor esta en la agencia como empleador recurrente, no en la ref. 1421; (2) el visado, porque tras el Brexit una plaza britanica exige patrocinio y la ruta remota UK tambien requiere derecho a trabajar en Reino Unido. La lectura util es que Oxford PharmaGenesis publica vacantes de forma continua en un portal legible, asi que es el sitio al que volver en 2027 y, si entonces hay sede o plaza remota europea, el punto de entrada. Sin salario publicado.	MEDIUM	Rotacion alta y contratacion continua en MedComms britanico (doce vacantes simultaneas en una sola agencia), lo que abarata la entrada; en contra, la entrada sin experiencia de agencia compite con candidatos ya formados.	M	VERIFIED	2026-09-14	2026-09-14	2026-09-14	NEW	No aplicar ahora. Revisar el portal cada trimestre a partir de 2027 buscando plazas remotas o europeas y la figura de associate medical writer; durante 2026-2027 construir portafolio (los dos manuscritos publicados, un abstract y una pieza divulgativa) para poder responder a la prueba de escritura sin preparar nada nuevo.		https://careers.pharmagenesis.com/vacancies/vacancy-search-results.aspx	Rama 4, carril 3, metodo nuevo: en vez de esperar anuncios en agregadores, se abrio el portal de vacantes de una agencia MedComms concreta (motor eploy, el mismo que ya usa el repo para Cardiff). Listado leido hoy: doce vacantes con titulo, ubicacion y tipo de contrato; el portal no publica fechas de cierre, por eso la fila no afirma ninguna.
J-0014	Candidatura espontanea permanente en Health in Code (genetica clinica y genomica)	Health in Code	Empresa de genetica clinica y genomica	A Coruna y Madrid (multinacional con sedes en Espana)	Spain	Onsite	UNKNOWN		ROLLING				No hay vacantes publicadas: la pagina de empleo es un formulario permanente de envio de CV, con el mensaje de que como empresa en crecimiento buscan candidatos de forma continua	3	Es el unico puente verificado esta semana entre su titulo de laboratorio y el sector privado espanol de genetica clinica, y tiene la ventaja de no depender de un plazo: el canal esta abierto siempre, asi que se puede usar exactamente cuando ella este disponible. Encaja con ELLA porque una empresa de diagnostico genetico necesita justo el cruce que ella tendra en 2027 (medica especialista en Laboratorio Clinico + interpretacion de variantes + capacidad de analisis con R y PLINK), y porque le permite quedarse en Espana sin depender de una bolsa publica. Lo que hay que resolver es que no hay puesto al que optar: una candidatura espontanea sin vacante rinde poco salvo que vaya dirigida a una persona concreta y con un gancho, asi que el trabajo real no es rellenar el formulario sino identificar en 2027 a quien dirigirla (direccion cientifica o responsable de diagnostico genetico) y escribirle con un caso concreto: residente de Laboratorio Clinico con pipelines GWAS/PRS propios y tesis en genetica estadistica, disponible desde junio de 2027. Esfuerzo XS para el envio. Sin salario ni tipo de contrato publicados, sin visado (empresa espanola, ciudadana UE).	UNKNOWN	No hay vacante publicada ni proceso competitivo visible: la empresa solo mantiene un buzon de CV.	XS	VERIFIED	2026-09-14	2026-09-14	2026-09-14	NEW	Revisar la pagina cada trimestre por si pasa de buzon a listado de vacantes; en Q1 2027 localizar el nombre de la direccion cientifica o del area de diagnostico genetico y enviar la candidatura dirigida, no el formulario generico.		https://healthincode.com/trabaja-con-nosotros/	Rama 4, carril 1 (empresa). Pagina Tier 1 del propio empleador abierta y leida hoy: no lista ninguna vacante, solo el formulario permanente. La fila registra el canal, no un puesto, y lo dice.
J-0015	Familia de vacantes de Porterhouse Medical: Senior Medical Writer (Reino Unido), Senior Medical Writer (Remote-US) y programas Pathfinders de entrada a MedComms	Porterhouse Medical Group (Porterhouse Medical UK, Porterhouse Medical US, Porterhouse Insights)	Comunicacion cientifica / MedComms	Londres, Nottingham y Reading (oficinas britanicas); una plaza remota con base en Estados Unidos	Reino Unido / Estados Unidos	Onsite o hibrido en las tres oficinas britanicas; la plaza de Senior Medical Writer de la division estadounidense se anuncia expresamente como Remote-US	Plazas permanentes de plantilla y, aparte, programas de practicas Pathfinders (graduados, doctores e insights)		OPEN		El portal no publica fecha de cierre de ninguna vacante: se solicita por correo y las plazas se retiran cuando se cubren. La unica fecha propia de toda la pagina es la del programa Pathfinders de graduados, que declara estar lleno para 2026 y que reabrira solicitudes a finales del cuarto trimestre de 2026 para la edicion de 2027		El listado no detalla titulaciones. Las dos plazas de Senior Medical Writer (una UK, una Remote-US) piden experiencia previa en comunicacion medica, que ella no tiene. La via de entrada documentada para su perfil es el Pathfinders PhD Internship Programme in Medical Communications, que figura abierto, y el Pathfinders Graduate Internship Programme, lleno para 2026. Solicitud por correo a careers@porterhousemedical.com con CV y carta de presentacion; no hay formulario ni plazo	3	Encaja con ELLA por lo que MedComms compra de verdad en un writer junior: criterio clinico y capacidad de leer, jerarquizar y resumir literatura. Es MD con ingles C2 y lleva dos manuscritos propios como primera autora, uno de revision en Journal of Sleep Research y uno empirico en Nature Mental Health, es decir ya ha escrito en el registro que la agencia vende; y Porterhouse tiene una via de entrada explicitamente pensada para doctorados, el Pathfinders PhD Internship Programme, lo que evita el circulo vicioso de pedir experiencia de agencia. Lo que le falta y lo que pide la solicitud: no hay formulario, se envia CV y carta a careers@porterhousemedical.com, asi que el trabajo real es reorientar el CV de investigadora a comunicacion y construir un portafolio; por el estandar del sector cabe esperar una prueba de escritura cronometrada, aunque Porterhouse NO la menciona en su pagina y no la afirmo. De ahi Effort M. Salario: no publicado en ninguna de las vacantes. Tres condiciones impiden puntuar mas alto y son las que convierten esto en un 3 y no en un 4. (1) Visado: tras el Brexit cualquier plaza britanica exige patrocinio, y un programa de practicas casi nunca se patrocina; la plaza Remote-US exige autorizacion de trabajo en Estados Unidos, que no tiene. (2) Calendario: la unica fecha propia, la reapertura del programa de graduados a finales del cuarto trimestre de 2026 para la edicion de 2027, cae cuando ella sigue en residencia hasta el 22-05-2027, de modo que no podria incorporarse a una edicion que arranque antes de esa fecha. (3) Nivel: las plazas realmente abiertas son de Senior, para las que no es candidata hoy. El valor de la fila no es una vacante concreta sino confirmar por segunda vez que el metodo de portal de agencia funciona y que existe un empleador con puerta de entrada nombrada para doctores, al que volver en otono de 2027. Contacto: careers@porterhousemedical.com, buzon nombrado en la propia pagina, no persona; el gancho seria MD espanola con doctorado en genetica estadistica y dos primeras autorias en revision buscando la via PhD de Pathfinders.	HIGH	La entrada a MedComms es la salida de academia mas concurrida para doctores; el propio portal es la prueba: el programa de practicas para graduados ya estaba lleno para 2026 en septiembre y no reabre hasta el cuarto trimestre. Las plazas vivas son todas de nivel Senior, es decir el embudo esta abierto sobre todo para gente con experiencia de agencia	M	VERIFIED	2026-09-21	2026-09-21	2026-09-21	NEW	No aplicar ahora. Anotar un aviso para finales de noviembre de 2026 y comprobar si la reapertura del Pathfinders de graduados trae fechas concretas y si el PhD Internship sigue abierto; antes de invertir esfuerzo, resolver por correo a careers@porterhousemedical.com la unica pregunta que decide todo, si patrocinan visado britanico en practicas y en plazas junior. Volver al portal en otono de 2027 buscando Medical Writer sin el prefijo Senior		https://www.porterhousemedical.com/careers/	Rama 4, carril 3. Repeticion deliberada del metodo de portal de agencia estrenado con Oxford PharmaGenesis (J-0013): en vez de esperar anuncios en agregadores se abre el portal de una agencia MedComms concreta. Pagina leida hoy en el dominio del propio empleador, HTML plano y legible, con fecha de ultima modificacion 2026-08-26 en sus metadatos estructurados, lo que confirma que el listado esta mantenido. Todas las vacantes y la frase sobre la reapertura del programa de graduados son cita literal del portal. El portal no publica salarios ni fechas de cierre, por eso esta fila no afirma ninguno
J-0016	Bolsa de empleo temporal abierta y permanente del Servicio Aragones de Salud - Facultativo Especialista de Area en Analisis Clinicos y Bioquimica Clinica	Servicio Aragones de Salud (SALUD), Gobierno de Aragon	Sistema publico de salud (CCAA Aragon)	Zaragoza, Huesca y Teruel (todos los sectores sanitarios de Aragon)	Spain	Onsite	Nombramientos estatutarios temporales (sustituciones, interinidades y eventuales) adjudicados en actos centralizados periodicos	No se publica en la pagina de la bolsa; retribuciones por tablas del Servicio Aragones de Salud para FEA	ROLLING	La pagina la describe como convocatoria abierta y permanente y no publica fecha de apertura	Sin fecha de cierre: la inscripcion es permanente. Los cortes de valoracion y los actos centralizados de adjudicacion se celebran periodicamente; el ultimo acto centralizado publicado es del 26-05-2026 y las listas provisionales de admitidos/excluidos son de la resolucion de 17-12-2025		Titulo de especialista en Analisis Clinicos o en Bioquimica Clinica (categoria de FEA). Inscripcion y autobaremacion en el Portal de Recursos Humanos del Servicio Aragones de Salud	4	Es la misma via que J-0002/J-0008/J-0010/J-0011 pero en una CCAA que hasta hoy no estaba en la base: una bolsa abierta y permanente permite inscribirse sin esperar a una OPE, y al ser permanente no choca con sus relojes - puede registrarse en cuanto obtenga el titulo de especialista de Laboratorio Medicina el 22-05-2027 y empezar a acumular puntuacion sin renunciar a la via investigadora. Le encaja por la mitad clinica del combo MD+PhD (residencia de Analisis Clinicos en el Hospital Regional Universitario de Malaga, 22-05-2023 a 22-05-2027), no por la de genetica estadistica: aqui su PhD solo puntua como merito de formacion e investigacion en el baremo. Lo que exige la candidatura es administrativo, no cientifico: inscripcion en el Portal de Recursos Humanos de SALUD, autobaremacion y aportacion documental de titulos, servicios prestados, publicaciones y formacion; eso es trabajo de horas (Effort XS-S), no de semanas, y no hay presion de plazo porque no hay plazo. El salario no se publica en la pagina: son las tablas estatutarias de FEA de Aragon, del orden de lo que cobra un FEA en cualquier CCAA, y el nombramiento es temporal por definicion, asi que esto es una via de entrada y de arraigo, no una plaza fija. Sin implicacion de visado: es EU/Espana; si implica mudanza desde Malaga a Aragon, que el perfil admite sin restricciones. No hay PI ni responsable con nombre a quien escribir: el canal es el propio portal y, para dudas, el Servicio de Provision de Personal Estatutario de la Direccion de Recursos Humanos de SALUD. Aviso honesto: la pagina no explicita si la ventana de inscripcion esta abierta en este momento ni el efecto de la nueva categoria unificada de Laboratorio Clinico creada por el Real Decreto 101/2025, que en Castilla y Leon ya ha obligado a reordenar las bolsas de Analisis Clinicos y Bioquimica Clinica (ver J-0010). Eso es lo primero que hay que confirmar.	MEDIUM	Bolsa permanente de una especialidad con pocos efectivos en una CCAA pequena: la competencia real depende de la antiguedad acumulada por los ya inscritos, no del numero de solicitantes; sin datos publicados de tamano de la bolsa	S	LIKELY	2026-09-28	2026-09-28	2026-09-28	NEW	Confirmar en el Portal de Recursos Humanos del Servicio Aragones de Salud si la inscripcion esta abierta ahora y si la bolsa se ha reconvertido a la categoria unica de Laboratorio Clinico; anotar que documentacion admite para autobaremar la tesis y las publicaciones antes de mayo de 2027	NEW	https://www.aragon.es/-/analisis-clinicos-y-bioquimica-clinica-1	Tier 1: pagina oficial de aragon.es abierta en esta pasada (2026-09-28). Descubierta a partir de una busqueda web de bolsas permanentes de FEA de laboratorio en las CCAA que faltaban en la base
J-0017	Bolsa de empleo de Facultativo Especialista de Area de Laboratorio Clinico del SESPA (Asturias), creada por resolucion de 02-12-2025	Servicio de Salud del Principado de Asturias (SESPA)	Sistema publico de salud (CCAA Asturias)	Oviedo, Gijon, Aviles y resto de areas sanitarias de Asturias	Spain	Onsite	Nombramientos estatutarios temporales a traves de bolsa de empleo	No publicado en la fuente consultada	ROLLING	2025-12-02	No consta en la fuente consultada si la inscripcion es permanente o por ventanas: ESE ES EL DATO QUE FALTA		Titulo de FEA de Laboratorio Clinico (categoria nueva del Real Decreto 101/2025). La resolucion integra de oficio a los ya inscritos en las bolsas de FEA de Analisis Clinicos y de Bioquimica Clinica con su puntuacion	4	Segunda CCAA nueva de la pasada y la mas interesante conceptualmente: Asturias ya ha ejecutado la unificacion que el Real Decreto 101/2025 impone, creando la categoria de FEA de Laboratorio Clinico y volcando en ella a los inscritos en Analisis Clinicos y Bioquimica Clinica con su puntuacion. Para ella eso significa que el titulo que obtendra el 22-05-2027 sera directamente el de la categoria vigente, sin transito administrativo intermedio, y que la bolsa ya esta constituida cuando llegue. Encaja por la via clinica del perfil (residencia de Analisis Clinicos en Malaga), no por la genetica estadistica; el PhD entra como merito de baremo. Lo que exige la candidatura es documental: inscripcion en la bolsa del SESPA y acreditacion de titulo, servicios prestados y meritos. El trabajo real es de horas y no hay presion de plazo conocida, pero justamente el plazo es lo que no esta verificado. Sin visado (Espana/UE); implica mudanza desde Malaga, que el perfil acepta. No hay interlocutor con nombre: el canal es el area de personal del SESPA y el propio portal Astursalud. AVISO DE HONESTIDAD, no lo pases por alto: esta fila se ha construido sobre una nota sindical (USIPA) que cita la resolucion de 02-12-2025 con referencia BOPA 2026-00059; ni el texto de la resolucion ni la pagina oficial de Astursalud se han abierto en esta pasada, de modo que el mecanismo y el calendario de inscripcion, los requisitos exactos y si la bolsa esta abierta hoy siguen SIN verificar. Confidence UNVERIFIED y Last_Verified vacio a proposito.	MEDIUM	Especialidad de laboratorio con pocos efectivos y bolsa recien constituida; la ventaja real la tienen los volcados de oficio desde las bolsas antiguas, que llegan con puntuacion acumulada	S	UNVERIFIED		2026-09-28	2026-09-28	NEW	Abrir la resolucion en el BOPA (referencia 2026-00059) y la pagina de bolsas de Astursalud para fijar: si la inscripcion es abierta y permanente o por ventanas, el plazo vigente y los requisitos de titulacion. Hasta entonces no tratar el Status ROLLING como verificado	NEW	https://usipa.es/creacion-bolsa-empleo-fea-de-laboratorio-clinico/	LEAD de Tier 2: nota del sindicato USIPA abierta en esta pasada, que cita la resolucion de la Direccion Gerencia del SESPA de 02-12-2025 y la referencia BOPA 2026-00059. El texto oficial no se ha leido
J-0018	Concurso-oposicion 2026 de Facultativo Especialista de Area en Laboratorio Clinico del Servicio Navarro de Salud-Osasunbidea (Resolucion 1515E/2026, 3 plazas nivel A)	Servicio Navarro de Salud-Osasunbidea, Gobierno de Navarra	Sistema publico de salud (CCAA Navarra)	Pamplona	Spain	Onsite	Plaza estatutaria fija (nivel A); la convocatoria genera ademas listas de contratacion temporal y de promocion interna	No publicado en la ficha del tramite; nivel A de las tablas del Gobierno de Navarra	CLOSED	No consta en la ficha del tramite; la convocatoria es la Resolucion 1515E/2026, publicada en el Boletin Oficial de Navarra	La ficha marca el expediente como 'En resolucion' y no publica las fechas del plazo de solicitudes, lo que indica que el plazo ya se cerro; no se inventa fecha		Exige estar en posesion del titulo de especialista en Analisis Clinicos y/o Bioquimica Clinica, o estar en condiciones de obtenerlo, EN LA FECHA DE FIN DEL PLAZO DE PRESENTACION DE SOLICITUDES	3	Navarra es la tercera CCAA nueva de esta pasada, y esta fila existe sobre todo para fijar el mecanismo, no para que se presente: el requisito literal es tener el titulo de especialista, o estar en condiciones de obtenerlo, a la fecha de fin del plazo de solicitudes, y ella no termina la residencia hasta el 22-05-2027. Con el expediente ya 'En resolucion' en septiembre de 2026, ESTA edicion le queda fuera por calendario, y hay que decirlo asi. Lo que si le sirve: una convocatoria de estas genera listas de contratacion temporal y de promocion interna, y son esas listas -no las 3 plazas fijas (1 libre, 1 promocion, 1 reserva de discapacidad)- la puerta realista para 2027. Y fija el patron navarro: Navarra ya convoca la categoria con el nombre nuevo, Laboratorio Clinico, aunque el requisito de titulacion siga redactado como Analisis Clinicos y/o Bioquimica Clinica. Esfuerzo, cuando llegue la edicion que si le sirva: un concurso-oposicion es examen mas baremo de meritos, semanas de preparacion (Effort M-L), muy por encima de una simple inscripcion en bolsa. Sin visado, mudanza a Pamplona. Sin interlocutor con nombre: el canal es el Servicio de Recursos Humanos del SNS-O y el propio tramite en navarra.es.	HIGH	Concurso-oposicion de 3 plazas de las que solo 1 es de turno libre: por definicion muy competido frente a una bolsa permanente	M	LIKELY	2026-09-28	2026-09-28	2026-09-28	NEW	Localizar en el Boletin Oficial de Navarra la Resolucion 1515E/2026 para leer las bases, confirmar que el plazo se cerro y, sobre todo, ver como y cuando se constituyen las listas de contratacion temporal que derivan de ella; poner una alerta para la siguiente convocatoria de la categoria	NEW	https://www.navarra.es/es/tramites/on/-/line/facultativo-especialista-de-area-en-laboratorio-clinico-concurso-oposicion-2026	Tier 1: ficha oficial del tramite en navarra.es abierta en esta pasada (2026-09-28). Las fechas del plazo no figuran en la ficha y no se han inventado
J-0019	Junior Medical Science Liaison - talent pipeline de Medical Affairs de IQVIA en Madrid (Job ID R1523392)	IQVIA	CRO / Medical Affairs (comunicacion cientifica)	Madrid	Spain	Field-based en la Comunidad de Madrid, con desplazamientos; no es un puesto remoto	No publicado en la fuente consultada; se describe como talent pipeline, es decir manifestacion de interes para futuras incorporaciones, no una vacante con plazo	No publicado	ROLLING	No publicado en la fuente consultada	No hay plazo: es un pipeline de talento abierto, no una convocatoria con cierre		Titulacion superior PhD, PharmD o MD en ciencias de la vida; espanol e ingles fluidos; carne de conducir en vigor; capacidad de interpretar datos clinicos complejos y de mantener intercambio cientifico no promocional con KOL e investigadores	4	Es el mejor encaje de carril 3 que ha aparecido, y lo es por una razon concreta: el requisito de entrada es MD, PhD o PharmD, y ella tiene el MD (Complutense, 2019) ya en mano y el PhD en curso, asi que cumple el filtro titulacion el primer dia, sin depender del ETA de febrero de 2028. Espanol nativo mas ingles C2 cubren el requisito de idiomas literal. Y el trabajo -sintetizar datos clinicos, responder consultas medicas y sostener conversacion cientifica de igual a igual con clinicos- es exactamente la habilidad que ya ejercita entre la residencia y la tesis. Que exige la candidatura: al ser un pipeline y no una vacante, lo que se manda es CV y perfil, no cartas ni research statement ni charla; el esfuerzo es de horas (XS) y no hay presion de plazo, lo que lo hace compatible con su situacion actual mucho mejor que cualquier vacante con cierre. El precio de eso es que tampoco hay garantia de proceso: un pipeline puede no activarse nunca. Relojes: no exige doctorado defendido, asi que su ventana es mediados de 2027 (fin de residencia el 22-05-2027) y encaja sin choque siempre que el proceso se active entonces; si IQVIA activase la contratacion en 2026 habria conflicto con la residencia y habria que decirlo en la entrevista. Salario y contrato no publicados: un MSL junior en Espana es contrato indefinido de empresa, no estatutario, y supone salir de la via clinica y de la investigadora - decision de carrera, no solo de empleo. Sin visado (Espana). Dos condiciones materiales que hay que resolver antes: es un puesto field-based en Madrid, es decir mudanza desde Malaga y viaje continuo, y exige carne de conducir en vigor, dato que el perfil no recoge. Sin interlocutor con nombre; el canal es el portal de empleo de IQVIA.	HIGH	Los puestos de MSL junior en Espana atraen a medicos, farmaceuticos y doctores en ciencias de la vida en volumen; un pipeline abierto sin plazo acumula candidaturas indefinidamente	XS	UNVERIFIED		2026-09-28	2026-09-28	NEW	Buscar el Job ID R1523392 en jobs.iqvia.com para confirmar que el pipeline sigue activo, leer la ficha oficial y comprobar area terapeutica y tipo de contrato; verificar el requisito de carne de conducir y decidir si registrarse ya o esperar a principios de 2027	NEW	https://www.biotecnika.com/medical-science-liaison-job-at-iqvia-spain/	LEAD de Tier 2: agregador biotecnika, abierto en esta pasada, que cita el Job ID R1523392 del portal jobs.iqvia.com. La ficha oficial de IQVIA no se ha abierto, por eso Confidence UNVERIFIED y Last_Verified vacio
J-0020	Senior Statistical Geneticist (remoto en Estados Unidos)	BridgeBio Pharma	I+D farmaceutica (genetica humana)	Remoto en Estados Unidos, con viajes trimestrales a San Francisco	United States	Remote-US	Empleo indefinido de empresa	Publicado en dolares: 185.000-230.000 USD anuales (rango de California)	OPEN	No publicado en el anuncio	El anuncio no publica fecha de cierre; el formulario de Greenhouse sigue activo		PhD en statistical genetics, human genetics o biologia computacional MAS 5+ anos de experiencia EN LA INDUSTRIA; experiencia acreditada con UK Biobank y All of Us; dominio de Python; analisis de WES/WGS y genotipado en array; pruebas de asociacion de variante unica y gene-based	2	Es su tema exacto -genetica estadistica de rasgos complejos sobre biobancos- pero el anuncio pide 5+ anos de experiencia previa en industria y dominio de Python como lenguaje principal, y ella llega con cero anos de industria y Python asistido, ademas de necesitar patrocinio de visado para Estados Unidos y no estar libre hasta febrero de 2028 si se exige el PhD defendido: se registra para que no se vuelva a descubrir y como prueba de que BridgeBio es un empleador de su especialidad al que merece la pena volver cuando publique un puesto de entrada.	HIGH	Puesto senior de genetica estadistica remoto en Estados Unidos con salario publicado alto: atrae al grueso del mercado americano del area	S	VERIFIED	2026-09-28	2026-09-28	2026-09-28	NEW	No presentarse. Revisar una vez al trimestre el tablon de Greenhouse de BridgeBio buscando un puesto de Statistical Geneticist sin el requisito de 5 anos de industria	NEW	https://job-boards.greenhouse.io/bridgebio/jobs/5179747007	Tier 1: anuncio oficial en el tablon de Greenhouse de BridgeBio, abierto en esta pasada (2026-09-28)
