ID	Name	Provider	Type	City_or_Online	Start_Date	End_Date	Deadline	Cost_EUR	Funding_Available	Fit_1_5	Fit_Rationale	Competition_Level	Effort_Estimate	Confidence	Last_Verified	First_Seen	Last_Updated	Change_Flag	Next_Action	Owner_Status	URL	Source_Note
T-0001	International Statistical Genetics Workshop (el 'Boulder Workshop')	Institute for Behavioral Genetics, University of Colorado Boulder	Workshop	Boulder, Colorado, USA (presencial)	2027-03-01	2027-03-05		550	Programa ISCEP financiado por el Regeneron Genetics Center, mas apoyo de la subvencion NIMH MH19918; existe inscripcion anticipada para quien necesita visado. NO hay beca individual localizada para ella.	5	Es su diana de formacion: el temario 2027 se centra en modelado genetico latente e incluye modelos de gemelos, OpenMx, genomic SEM y aleatorizacion mendeliana, justo los metodos avanzados de genetica estadistica que hoy no despliega sola. Cae 1-5 mar 2027, aun dentro de la residencia (termina el 22-may-2027), asi que exigiria permiso. La financiacion NO la cubre: la beca ISCEP excluye a los paises de renta alta, de modo que cuota, vuelos y alojamiento a EEUU corren por su cuenta.	LOW	S	VERIFIED en fechas y formato; UNVERIFIED en coste	2026-09-21	2026-08-24	2026-09-21	UPDATED	La inscripcion NO ha abierto y no hay tarifa publicada. Revisar colorado.edu/ibg/workshop-2027 cada 3-4 semanas desde noviembre-2026, o escribir a IBGworkshop@colorado.edu pidiendo aviso de apertura. Recordar que este taller de marzo se imparte cada TRES anos: perder 2027 significa esperar a 2030.	NEW	https://www.colorado.edu/ibg/workshop-2027	Pagina oficial del taller 2027 abierta el 2026-09-21: 1-5 mar 2027, presencial en Boulder, eje 'latent genetic modeling', con PRS, randomizacion mendeliana, GenomicSEM, GREML y potencia estadistica en el temario. Sin enlace de inscripcion y sin tarifa: los 550 EUR de esta fila siguen siendo ESTIMACION. La tarifa academica de 2024 fue 600 USD, solo como referencia historica. Las URL colorado.edu/ibg/international-workshop y /isg-workshop dan 404; el patron vivo es workshop-AAAA.
T-0002	Genetic Epidemiology (short course)	University of Bristol, Bristol Medical School / MRC IEU	Short course	Online en directo	2027-01-27	2027-02-03	2027-01-13	1450	Sin beca aplicable: los voucher packs de Bristol cubren solo a doctorandos y personal de la propia Bristol Medical School, profesionales de salud publica del suroeste de Inglaterra, empleados de organizaciones beneficas medicas del RU y residentes de paises de renta baja o media-baja. Ella no encaja en ninguno: coste integro a su cargo.	4	Profundiza su caja de herramientas nuclear de genetica estadistica/GWAS dentro de un marco riguroso de epidemiologia genetica (heredabilidad, asociacion, confusion, contexto de PRS). Online, poca logistica, encaja entre su doctorado y su residencia. La financiacion solo lo cubre si cumple para los vouchers de Bristol; si no, autofinanciado.	LOW	XS	VERIFIED	2026-09-21	2026-08-24	2026-09-21	UPDATED	Crear YA la cuenta de reservas (disponible desde el 23-sep-2026) y reservar el 7-oct-2026 a las 12:00 hora del RU, que es cuando abren las reservas del programa 2026/27.	NEW	https://www.bristol.ac.uk/medical-school/short-courses-and-cpd/short-courses/courses/genetic-epidemiology/	Listado oficial 2026/27 de Bristol abierto el 2026-09-21: el curso son DOS bloques, 27-29 ene y 1-3 feb 2027. Deadline = dos semanas antes del inicio, regla general de Bristol. La tarifa individual solo se ve abriendo la pagina del curso, no comprobada esta semana. OJO: las URL con /study/short-courses/ redirigen 302 a /short-courses-and-cpd/short-courses/.
T-0003	Mendelian Randomization (short course)	University of Bristol, Bristol Medical School / MRC IEU	Short course	Online en directo	2027-03-15	2027-03-19	2027-03-01	1020	Sin beca aplicable (mismos criterios de voucher pack que T-0002, ninguno le encaja); coste integro a su cargo.	4	La MR es una extension natural y de alto valor de sus habilidades de GWAS/PRS para inferencia causal en genetica psiquiatrica/de rasgos complejos (lineas 1-2). Impartido por la unidad lider del campo (MRC IEU). Online, esfuerzo XS. Autofinanciado salvo elegibilidad de voucher.	LOW	XS	VERIFIED	2026-09-21	2026-08-24	2026-09-21	UPDATED	Crear la cuenta de reservas ya y reservar el 7-oct-2026 a las 12:00 RU.	NEW	https://www.bristol.ac.uk/medical-school/short-courses-and-cpd/short-courses/courses/mr/	Listado oficial 2026/27 de Bristol abierto el 2026-09-21: 15-19 mar 2027. Deadline = dos semanas antes del inicio. Tarifa individual sin comprobar esta semana.
T-0004	Genetic Analysis of Population-based Association Studies	Wellcome Connecting Science (Wellcome Genome Campus)	Practical course	Wellcome Genome Campus, Hinxton, UK (residencial)				965	Becas limitadas que ofrecen hasta 50% de reduccion de matricula (segun la ultima edicion).	4	Directamente en su nucleo: GWAS practico / analisis de asociacion basado en poblacion - refuerza las habilidades exactas que usa de forma independiente y la situa en una cohorte internacional fuerte. Candidatura selectiva. AUN no hay edicion 2026/2027 confirmada - elemento de vigilancia; residencial en RU.	MEDIUM	M	VERIFIED (negativo)	2026-09-21	2026-08-24	2026-09-21	UPDATED	Una sola revision en enero-2027 y, si sigue sin haber edicion, CERRAR la fila en vez de arrastrarla.	NEW	https://coursesandconferences.wellcomeconnectingscience.org/event/genetic-analysis-of-population-based-association-studies-20240902/	Catalogo de Wellcome Connecting Science revisado el 2026-09-21: solo muestra ediciones de este curso hasta septiembre-2025 y el listado de cursos proximos ofrece unicamente dos de 2026 (Accelerating Translation of Biodata to Impact, 22-24 sep 2026, y Scalable Genomics and Pangenomics, 11-16 oct 2026). NINGUN curso de 2027 anunciado: es un negativo verificado, no un fallo de busqueda.
T-0005	CAJAL Course: Neurobiology of Sleep	CAJAL Advanced Neuroscience Training Programme / Bordeaux School of Neuroscience	Practical course	Bordeaux, France	2026-11-19	2026-12-08	2026-08-27	4500	Estipendios de la Boehringer Ingelheim Foundation y de la FENS (para la edicion 2026, ya cerrada)	2	Toca su linea de sueno (#3) pero es neurobiologia de sueno de laboratorio humedo, NO estadistica/genetica - fuera de sus tecnicas; el plazo es 2026-08-27 (a 3 dias), practicamente inviable ahora, y es un bloque de 3 semanas que choca con la residencia. Solo registrar.	HIGH	M	VERIFIED	2026-09-14	2026-08-24	2026-09-07	CLOSED	No revisar hasta junio-2027 por si anuncian una edicion posterior; en cualquier caso es laboratorio humedo fuera de su tecnica	NEW	https://cajal-training.org/courses/	cajal-training.org/courses/ reabierta el 2026-09-14: el listado solo llega hasta diciembre de 2026 y NO hay ninguna edicion 2027 anunciada, ni de Neurobiology of Sleep ni del resto del programa. Sigue cerrado.
T-0006	Statistical Analysis of Genome Scale Data	Cold Spring Harbor Laboratory (CSHL)	Practical course	Cold Spring Harbor, NY, USA (residencial)				4420	~la mitad de los trainees reciben ayuda por necesidad; los participantes internacionales pueden solicitar apoyo HHMI.	2	Prestigioso y fuerte en estadistica genomica/R-Bioconductor, pero su alcance es RNA-seq/ChIP-seq/ATAC-seq mas que su nucleo de GWAS/PRS, y es costoso y residencial en EE.UU. Edicion 2026 ya pasada - vigilar 2027 como opcion de menor prioridad.	HIGH	M	VERIFIED (negativo)	2026-09-28	2026-08-24	2026-09-28	UNCHANGED	Negativo reforzado: CSHL ya ha publicado cinco cursos de 2027 y este no esta entre ellos. No volver a mirar hasta primavera-2027, cuando se completa el calendario. Tener presente que la edicion 2026 costaba 4.790 USD con alojamiento y que aproximadamente la mitad de los asistentes recibe ayuda por necesidad, via HHMI para los internacionales.	NEW	https://meetings.cshl.edu/courses.aspx?course=C-DATA	meetings.cshl.edu/courseshome.aspx y la pagina archivada del curso, abiertas el 2026-09-28. El calendario 2027 ya publicado contiene Methods in Cancer Neuroscience, Cryo-EM, Quantitative Imaging, Xenopus y Vision: ninguno de genetica estadistica, GWAS, PRS ni biobancos. La pagina del curso solo muestra 2026: 5-19 jun 2026, plazo 20-abr-2026, 4.790 USD con manutencion y alojamiento.
T-0007	Advanced Mendelian Randomization	Universidad de Bristol / Bristol Medical School (MRC IEU)	Curso corto avanzado	Online	2026-11-25	2026-11-27	2026-11-11	725	Ninguna localizada para ella: los cinco packs de vales de Bristol excluyen su caso	4	Cierra de lleno el hueco de aleatorizacion mendeliana avanzada que ella no domina sola (metodos robustos a pleiotropia, MR multivariante, MR intrafamiliar, multiancestral, sesgo de colisionador), pero exige haber hecho antes el curso introductorio de MR (T-0003, marzo-2027), asi que su edicion realista es la siguiente (previsiblemente nov-2027) y no la de nov-2026; la financiacion NO lo cubre, son 730 EUR a su cargo.	LOW	S	VERIFIED	2026-09-28	2026-09-07	2026-09-28	UPDATED	ACCION INMINENTE. El registro anual de Bristol ya esta abierto (desde el 23-sep-2026): crear la cuenta esta semana. Las reservas del curso abren a mediodia del 7-oct-2026, hora del Reino Unido. Es el curso de Bristol mas cercano y el mas barato del bloque de MR, asi que reservar ese mismo dia. Plazo de reserva 2026-11-11.		https://www.bristol.ac.uk/medical-school/short-courses-and-cpd/short-courses/courses/advanced-mr/	Pagina oficial del curso abierta el 2026-09-21: 630 GBP = ~725 EUR a 1.15 (antes figuraban 737 EUR). Las reservas cierran dos semanas antes del inicio, de ahi el 2026-11-11. Formato online.
T-0008	Machine Learning with Omics Data	Universidad de Bristol / Bristol Medical School	Curso corto	Online en directo	2027-06-22	2027-06-24	2027-06-08	863	Desconocida; no consta beca en el catalogo	3	Toca su hueco de bioinformatica de datos omicos y ademas cae en junio de 2027, ya fuera de la residencia, pero no es genetica estadistica nuclear y no he podido leer cuota ni programa detallado.	LOW	S	VERIFIED	2026-09-28	2026-09-07	2026-09-28	UPDATED	Tarifa ya conocida. Reservar solo si sobra presupuesto tras priorizar los cursos de MR y de reproducibilidad; junio-2027 cae despues de la residencia, asi que la agenda no es el problema, el coste si.		https://www.bristol.ac.uk/medical-school/short-courses-and-cpd/short-courses/courses/machine-learning-omics-data/	Pagina propia del curso abierta el 2026-09-28: 750 GBP, online, 22-24 jun 2027, reservas cierran dos semanas antes. La pagina general de fees no lista tarifas por curso, remite a cada curso.
T-0009	Molecular Epidemiology	Universidad de Bristol / Bristol Medical School (MRC IEU)	Curso corto	Online en directo	2027-03-22	2027-03-24	2027-03-08	878	Sin beca ni exencion aplicable; coste integro a su cargo.	3	Datos omicos a gran escala (metilacion, metabolomica, expresion, proteomica) con inferencia causal y MR aplicada, es decir su hueco de omicas. Dos peros concretos: cae en plena residencia y solapa en parte con epidemiologia genetica. A favor, un detalle de calendario que si cambia la decision: va la semana siguiente al MR introductorio (15-19 mar 2027), asi que ambos se encadenarian con un unico permiso.	LOW	S	VERIFIED	2026-09-21	2026-09-07	2026-09-21	UPDATED	Solo si sobran presupuesto y dias: encadenarlo con T-0003 (MR introductorio) la semana anterior, aprovechando un unico permiso.		https://www.bristol.ac.uk/medical-school/short-courses-and-cpd/short-courses/courses/molecular-epidemiology/	Listado oficial 2026/27 de Bristol abierto el 2026-09-21: 22-24 mar 2027. Deadline = dos semanas antes.
T-0010	From Genetic Variants to Risk Prediction (UniTartu Summer School)	Universidad de Tartu, Estonia	Escuela de verano	Tartu, Estonia (presencial)	2026-07-27	2026-08-07	2026-04-20	750	No consta beca; ademas de la cuota de 750 EUR hay 25 EUR no reembolsables de tasa de solicitud, y alojamiento, comidas y viaje van aparte.	3	Escuela de verano en la UE (sin visado), barata y practica, que cubre control de calidad, PCA/UMAP, GWAS, puntuaciones poligenicas y flujos de trabajo reproducibles en R/Python y Unix, es decir refuerza su parte de programacion y buenas practicas; pero gran parte del contenido GWAS/PRS ya lo maneja sola y no llega a los metodos avanzados que de verdad le faltan.	LOW	M	VERIFIED	2026-09-14	2026-09-07	2026-09-14	CLOSED	La edicion 2026 ya se celebro y su plazo cerro el 2026-04-20. Revisar la pagina en marzo-2027: la convocatoria 2026 se abrio el 20-mar y cerro el 20-abr, con resolucion antes del 30-abr y pago antes del 31-may.		https://ut.ee/en/content/genetic-variants-risk-prediction	Pagina oficial de la UniTartu Summer School leida el 2026-09-14: 10 dias lectivos del 27-jul al 7-ago-2026, 750 EUR de matricula mas 25 EUR de solicitud, requiere carta de motivacion, expediente y copia del pasaporte. Contenido: EDA y visualizacion de datos genotipo-fenotipo, control de calidad, GWAS y PRS. No hay anuncio de edicion 2027. CORRECCION: la fila no tenia fechas y parecia una convocatoria viva; era la edicion 2026, ya celebrada y con plazo vencido.
T-0011	Genetic and Epigenetic Epidemiology (curso especializado del EEPE)	European Educational Programme in Epidemiology (EEPE)	Curso especializado residencial	Florencia, Italia	2027-07-05	2027-07-09		1575	Ninguna localizada: la pagina no menciona becas ni exenciones	4	Cierra de lleno DOS de sus huecos declarados -- inferencia causal / aleatorizacion mendeliana y datos omicos a gran escala (epigenetica, metilacion) -- y lo hace con el profesorado de la MRC IEU de Bristol (David Evans, Gibran Hemani, Matthew Suderman, Paul Yousefi), que es exactamente la sala donde le interesa estar. El tercer argumento es el formato: residencial una semana entera, con alojamiento y comidas compartidos, que es el tipo de curso que genera contactos de verdad, y la visibilidad en la comunidad es un hueco tan real en su perfil como los tecnicos. La contrapartida hay que decirla clara: no hay financiacion identificada, son 1.575 EUR integros de su bolsillo, y el temario solapa en parte con el MR de Bristol, que es mas barato y online.	LOW	M	VERIFIED	2026-09-21	2026-09-14	2026-09-21	UPDATED	La inscripcion abre en NOVIEMBRE-2026 y no hay fecha de cierre publicada: volver a mirar a primeros de noviembre e inscribirse en cuanto abra. Contacto: eepe@eepe.org.		https://www.eepe.org/registration-2-2/	Pagina oficial del EEPE abierta el 2026-09-21: el modulo especializado Genetic and Epigenetic Epidemiology cae en la semana del 5-9 jul 2027, en Florencia, con docentes de Queensland y Bristol. Los 1575 EUR son la banda BAJA de un rango 1575-1715 EUR segun alojamiento, e incluyen matricula, materiales, alojamiento y comidas. Secretaria en ISGlobal Barcelona.
T-0012	SMARTbiomed Summer School: Causal inference, statistical genetics and machine learning in common disease epidemiology and biology	SMARTbiomed (Universidad de Aarhus)	Escuela de verano	Sandbjerg Gods, Sonderborg, Dinamarca				632	Ninguna localizada	4	Es la unica formacion encontrada que ataca TRES de sus huecos en un solo bloque de cinco dias: inferencia causal, genetica estadistica y machine learning aplicado en Python. El cuarto modulo, desarrollo de paquetes en R, va directo a algo que el perfil admite sin rodeos -- que su Python es asistido por IA y su autonomia de programacion es el limite real de su independencia tecnica. Ademas es la cuota mas baja de toda la rama (unos 633 EUR) y esta en la UE, sin visado. El problema no es el encaje sino la existencia: la web solo documenta la edicion de 2025 y no anuncia 2026 ni 2027, asi que hoy es una pregunta que hacer, no un curso al que apuntarse.	UNKNOWN	M	Coste VERIFIED; fechas 2027 UNVERIFIED	2026-09-21	2026-09-14	2026-09-21	UPDATED	Revisar en enero-febrero 2027, cuando historicamente publican el plazo (2025 cerro el 19-abr y 2026 el 12-abr).		https://smartbiomed.dk/news-and-events/summer-school	smartbiomed.dk/news-and-events/summer-school abierta el 2026-09-21: la pagina fue actualizada por ultima vez el 2026-08-04 y solo detalla la edicion 2025 (23-27 jun 2025, 4718.75 DKK con IVA = ~632 EUR, incluyendo todas las comidas y habitacion individual; tema 'Causal inference, statistical genetics, and machine learning'; docentes Florian Prive, Michael Sachs, Erin Gabriel, Andrey Kormilitzin). Las fechas 21-25 jun 2027 proceden de UN SOLO extracto de buscador atribuido a esa misma pagina y NO se ven en ella: no se cargan como dato.
T-0013	Polygenic scores and the PGS Catalog	EMBL-EBI Training	Curso online autoformativo gratuito	Online				0	Gratuito, no aplica.	2	Gratuito y directamente sobre PRS, pero es material introductorio sobre una tecnica que ella ya despliega sola: se registra para no volver a descubrirlo, y su unico valor real es familiarizarse con el PGS Catalog como repositorio.	LOW	XS	LIKELY	2026-09-14	2026-09-14	2026-09-14	NEW	Recurso de consulta, no accion: hojearlo si alguna vez necesita depositar o reutilizar scores del PGS Catalog.		https://www.ebi.ac.uk/training/online/courses/polygenic-scores-pgs-catalog/	Localizado en busqueda web el 2026-09-14; NO se abrio la pagina del curso (el listado de eventos de EBI, ebi.ac.uk/training/events/, entro en bucle de mas de 10 redirecciones), de ahi LIKELY y no VERIFIED.
T-0014	SSGAC/CESR Social-Science Genetics Methods Workshop	Social Science Genetic Association Consortium (SSGAC) con CESR	Taller online (serie)	Online	2026-10-15	2026-10-15			No aplica si se confirma que es gratuito; sin coste publicado	4	Cierra de lleno dos huecos suyos, metodologia PRS moderna e inferencia causal, y lo hace en el unico formato que su calendario admite: online y por sesiones sueltas, sin pedir dias libres en plena residencia. Lo imparte el entorno de De Vlaming y Okbay, que es gente de referencia en prediccion poligenica. Coste sin confirmar, asi que no se puede decir si necesita financiacion, pero los talleres de esta serie suelen ser gratuitos: relacion esfuerzo-beneficio muy alta para una sesion de una tarde.	LOW	XS	LIKELY	2026-09-21	2026-09-21	2026-09-21	NEW	Entrar en thessgac.org/events y apuntarse a la sesion del 15-oct-2026; comprobar de paso si la serie continua en 2027.	NEW	https://www.thessgac.org/events	Pagina oficial de eventos del SSGAC consultada el 2026-09-21: figura como proximo evento. No hay coste ni plazo publicados, de ahi LIKELY. La summer school presencial del SSGAC no tiene edicion anunciada desde la de Amsterdam de julio-2022.
T-0015	Reproducible Health Data Science	University of Bristol, Bristol Medical School	Curso corto	Online	2027-01-21	2027-01-26	2027-01-07	1151	Ninguna localizada	3	Cierra de golpe dos de sus carencias declaradas: Python a nivel profesional y flujos de trabajo reproducibles y de computacion intensiva. El temario confirmado es Git y GitHub, VS Code, R, Python y bash, Quarto y Jupyter, desarrollo de paquetes de R, Snakemake, Docker, Apptainer, conda y renv, mas linting, pruebas unitarias y revision de codigo: nada de esto se solapa con su PLINK y R actuales. Es online y son cuatro dias partidos (21-22 y 25-26 ene 2027), el formato mas compatible que existe con una guardia hospitalaria. El pero es el dinero: 1151 EUR sin financiacion localizada y sin que le sirva el pack de vales de Bristol, y cae en plena residencia, que no termina hasta el 22-may-2027, asi que necesita permiso aunque sea a distancia.	MEDIUM	S	VERIFIED	2026-09-28	2026-09-21	2026-09-28	UPDATED	Crear la cuenta de reserva de Bristol ya (el registro anual abrio el 23-sep-2026) y reservar a mediodia del 7-oct-2026. Plazo de reserva: 2027-01-07. Pedir el permiso en el hospital antes de pagar.	NEW	https://www.bristol.ac.uk/medical-school/short-courses-and-cpd/short-courses/courses/reproducible-health-data-science/	Pagina propia del curso abierta el 2026-09-28: 1.000 GBP, online, 21-22 y 25-26 ene 2027, reservas cierran dos semanas antes.
T-0016	Causal Inference in Epidemiology: Concepts and Methods	University of Bristol, Bristol Medical School	Curso corto	Online	2027-06-28	2027-07-02	2027-06-14	1438	Ninguna localizada	3	Solapa conceptualmente con los dos cursos de randomizacion mendeliana (T-0003 y T-0007), asi que es alternativa y no complemento: solo tiene sentido si renuncia a esos dos.	MEDIUM	M	VERIFIED	2026-09-28	2026-09-21	2026-09-28	UPDATED	Tarifa ya conocida y es la mas cara del bloque de Bristol. Antes de reservar, decidir si el hueco de inferencia causal se cubre mejor con T-0007 (Advanced MR, 725 EUR, 25-27 nov 2026) o con T-0003 (MR, mar 2027), que son mas baratos y mas cercanos a su tecnica. Plazo: 2027-06-14.	NEW	https://www.bristol.ac.uk/medical-school/short-courses-and-cpd/short-courses/courses/causal-inference-epidemiology/	Pagina propia del curso abierta el 2026-09-28: 1.250 GBP, online, 28 jun - 2 jul 2027, reservas cierran dos semanas antes.
T-0017	Federated analysis for polygenic risk score calculations	EMBL-EBI Training	Curso	Sin confirmar (online o Hinxton)				0	Sin confirmar; EMBL-EBI suele ser gratuito o de bajo coste	4	Si se confirma, es metodologia PRS moderna, que es su hueco principal, en el proveedor mas barato del mapa (comparese con T-0013, que es gratuito). Se ficha UNVERIFIED y no se descarta precisamente para que no haya que redescubrirlo: el dato que falta es fecha y formato, no el encaje.	UNKNOWN	S	VERIFIED (negativo)	2026-09-28	2026-09-21	2026-09-28	CLOSED	No es un curso convocable: fue un seminario web unico del 31-ene-2023, gratuito y ya celebrado, sin edicion futura anunciada. Lo unico aprovechable es la grabacion, que sigue publicada y se ve en menos de dos horas. Verla como lectura de contexto sobre analisis federado de PRS y no esperar convocatoria.	NEW	https://www.ebi.ac.uk/training/events/federated-analysis-polygenic-risk-score-calculations/	Pagina del evento en EMBL-EBI abierta el 2026-09-28: 31 ene 2023, online por Zoom, gratuito, inscripcion cerrada, grabacion disponible. No hay edicion futura. NOTA DE BLOQUEO: el listado ebi.ac.uk/training/events/ entra en bucle de redirecciones; hay que ir a la URL del evento concreto.
