ID	Name	Issuer	Type	Closed_On	Expected_Reopen	Reopen_Confidence	Why_It_Matters	Fit_1_5	Last_Checked	URL	Notes
W-0001	HFSP Postdoctoral Fellowships - convocatoria del ano 2027	Human Frontier Science Program	POSTDOC_FELLOWSHIP	2026-05-12	Sigue sin publicarse el calendario del ciclo AY2028. Por el patron del AY2027 (LOI iniciada antes del 05-05-2026 y presentada antes del 12-05-2026, propuesta completa el 24-09-2026, incorporacion entre el 01-04-2027 y el 01-01-2028), se espera publicacion hacia enero-marzo de 2027.	MEDIUM	Es el buque insignia alcanzable. La LOI del ano 2028, hacia mayo de 2027, cae en el mismo mes en que acaba su residencia, no exige doctorado en mano al presentar, y su ventana de activacion (abril de 2028 a enero de 2029) encaja justo encima de su defensa prevista para febrero de 2028. Perder la LOI de mayo de 2027 le cuesta un ano entero.	4	2026-09-21	https://www.hfsp.org/funding/hfsp-funding/postdoctoral-fellowships	Verificado hoy en Tier 1 (hfsp.org, HTTP 200 por curl): la pagina sigue siendo la del ciclo 2027 y avisa de que el plazo de LOI del ciclo 2027 ya paso; el calendario AY2028 NO esta publicado. DATO NUEVO VERIFIED que cierra la duda de elegibilidad del ciclo en curso: 'Fellows must begin their fellowship between 1 April 2027 and 1 January 2028' y el doctorado debe estar completado 'before 31 December 2027 at the latest'. Con defensa prevista en febrero de 2028 ella NO es elegible en el ciclo 2027 (ver F-0007). Por extrapolacion del patron (portal abierto 12-03-2026, LOI antes del 05-05-2026, propuesta completa el 24-09-2026), el ciclo AY2028 deberia publicarse entre enero y marzo de 2027 con LOI hacia mayo de 2027 y exigir el doctorado antes del 31-12-2028: ESA seria su primera edicion viable. Es extrapolacion, no dato publicado.
W-0002	Contratos Rio Hortega - edicion AES 2026	ISCIII	CAREER_DEVELOPMENT	2026-03-05	Sin publicar aun. Estimacion por patron: resolucion en la segunda quincena de diciembre de 2026 y plazo de Rio Hortega en febrero de 2027 (fue 12-02/05-03 en 2025 y 10-02/05-03 en 2026).	LIKELY para las fechas; el REQUISITO pasa a VERIFIED	El esquema mas alcanzable de toda la base de datos para ella: no exige doctorado en ningun momento, y la edicion AES 2027 deberia admitir a quienes terminan la FSE en 2027, que es su caso el 22-05-2027. Presentarse en feb-mar de 2027, siendo aun residente, es la accion concreta que sale de esta pasada.	5	2026-09-21	https://www.isciii.es/documents/d/guest/report_aes_2026?download=true	HALLAZGO DE LA PASADA ANTERIOR INTACTO (requisito VERIFIED en el PDF de la AES 2026, art. 34.2: la FSE debe finalizar antes del fin del plazo de alegaciones a la resolucion provisional; precedentes de alegaciones: Rio Hortega AES 2025 del 3 al 16 de octubre de 2025, convocatoria 2022 del 19 al 30 de septiembre de 2022; Sara Borrell y Miguel Servet AES 2025 del 11 al 24 de julio de 2025). Conclusion que se mantiene: LA AES 2027 ES SU PRIMERA EDICION POSIBLE Y SE PREPARA YA. Comprobado el 21-09-2026: la AES 2027 sigue SIN publicarse y no hay ninguna senal de adelanto. isciii.es sigue dando 503 al HTML, asi que la verificacion de hoy es indirecta. Anclas de calendario que sostienen la estimacion: la AES 2026 fue autorizada por el Consejo de Ministros el 16-12-2025, y el extracto de la AES 2025 en el BOE (BOE-B-2024-45526) procede de la Resolucion de 10-12-2024. Es decir, autorizacion y publicacion en la segunda quincena de diciembre de 2026 y plazo de Rio Hortega en febrero de 2027 (12-02/05-03 en 2025, 10-02/05-03 en 2026) siguen siendo la mejor estimacion. Cabo suelto de la pasada anterior, sin resolver: no se localiza la resolucion provisional de Rio Hortega AES 2026.
W-0003	Contratos Sara Borrell - edicion AES 2026	ISCIII	POSTDOC_FELLOWSHIP	2026-03-05	2027-02-10 (ventana ~10 feb - 5 mar 2027); su primera edicion realista es la AES 2029	LIKELY	Su principal objetivo posdoctoral espanol una vez defendida la tesis; como el doctorado debe estar leido antes del plazo, la edicion AES 2028 (~5 de marzo de 2028) es una moneda al aire contra una defensa de febrero de 2028 y la AES 2029 es el objetivo seguro.	5	2026-09-21	https://www.isciii.es/documents/d/guest/report_aes_2026?download=true	Sin cambios el 21-09-2026: la AES 2027 no esta publicada. Estimacion sostenida por las mismas anclas de calendario que W-0002 (AES 2026 autorizada en Consejo de Ministros el 16-12-2025; extracto de la AES 2025 en BOE-B-2024-45526, Resolucion de 10-12-2024) y por el ancla interna de la pasada anterior (resolucion provisional AES 2025 publicada el 10-07-2025, alegaciones del 11 al 24 de julio de 2025). Se mantiene que su primera edicion realista es la AES 2029, porque Sara Borrell exige doctorado y ella defiende en febrero de 2028. Verificacion indirecta: isciii.es sigue con el HTML en 503.
W-0004	Contratos Miguel Servet - edicion AES 2026	ISCIII	CAREER_DEVELOPMENT	2026-03-04	2027-02-11 (ventana ~11 feb - 4 mar 2027)	LIKELY	Inalcanzable durante una decada por la via ordinaria, pero las bases de la AES levantan el techo de fecha de tesis a quienes completaron Rio Hortega o Sara Borrell, que es la razon estrategica para tomar un Rio Hortega en 2027.	2	2026-09-21	https://www.isciii.es/documents/d/guest/report_aes_2026?download=true	Sin cambios el 21-09-2026: la AES 2027 no esta publicada y la ventana estimada de 11 de febrero a 4 de marzo de 2027 se mantiene, con las mismas anclas de calendario que W-0002 y W-0003. Sigue fuera de su alcance por trayectoria: Miguel Servet exige varios anos posdoctorales. Verificacion indirecta: isciii.es sigue con el HTML en 503.
W-0005	Wellcome Early-Career Awards - ronda de julio de 2026	Wellcome Trust	CAREER_DEVELOPMENT	2026-07-21	Corte confirmado el 10-11-2026; desde el 25-08-2026 el esquema pasa a presentacion continua con tres cortes al ano (preseleccion en febrero, junio y septiembre). El dato de ~06-04-2027 de la pasada anterior NO tiene respaldo y se retira.	LIKELY	El esquema britanico mejor emparejado con la genetica psiquiatrica (KCL, Cardiff, Edimburgo), y al ser rodante con tres rondas al ano no hay precipicio anual: puede entrar en la primera ronda que sus circunstancias permitan en vez de esperar doce meses. Eso lo hace estructuralmente mas amable con una defensa en febrero de 2028 que cualquier convocatoria anual.	4	2026-08-31	https://wellcome.org/research-funding/schemes/early-career-awards	Sin cambios y el conflicto sigue vivo. Confirmado por Tier 2 el paso a presentacion continua desde el 25-08-2026 con preseleccion en febrero, junio y septiembre. La fecha 16-11-2026 aparece explicitamente como PLAZO INTERNO DE INSTITUCION en paginas de Oxford y en un PDF de convocatoria interna de UCT, lo que refuerza que el 10-11-2026 es el del financiador, pero no se ha podido leer en una pagina Tier 1: wellcome.org sigue dando 403 y no se reintento. La lectura mas probable es que ambas fechas son correctas en su ambito.
W-0006	NHMRC Investigator Grants - ronda con cierre en julio de 2027	National Health and Medical Research Council (Australia)	CAREER_DEVELOPMENT	2026-07-29	Apertura hacia junio de 2027 y cierre hacia finales de julio de 2027. CORRECCION DE ETIQUETADO CONFIRMADA: lo que la NHMRC llama 'ronda 2027' abrio el 03-06-2026, cerro el 29-07-2026 a las 17:00 AEST y financia contratos que EMPIEZAN en 2028; la ronda siguiente abre hacia junio de 2027 y cierra hacia finales de julio de 2027.	LIKELY	Su estancia en QIMR Berghofer es un vinculo institucional australiano vivo, y las Investigator Grants son el vehiculo principal del NHMRC para salario mas investigacion. Merece calendario porque la ronda es a mitad de ano y no choca con los racimos europeos de septiembre y febrero, pero necesita una institucion australiana dispuesta a administrarla, que es una relacion a construir con un ano de antelacion.	3	2026-09-21	https://www.nhmrc.gov.au/funding/find-funding/investigator-grants	Corroborada el 21-09-2026 la correccion de etiquetado, con el calendario completo de la ronda que acaba de cerrar: apertura 03-06-2026, datos minimos 01-07-2026 17:00 AEST, cierre 29-07-2026 17:00 AEST, declaraciones de conflicto a finales de agosto de 2026, revision de agosto a noviembre de 2026 y resultados bajo embargo en marzo de 2027. AVISO DE ACCESO: nhmrc.gov.au devuelve 403 tanto a curl como a WebFetch (bloqueo nuevo, no estaba en la lista de bloqueos del briefing), asi que este calendario procede de resultados de buscador restringidos al dominio y NO de una pagina Tier 1 abierta: la confianza se queda en LIKELY. La modalidad Emerging Leadership exige el doctorado ya concedido, asi que con defensa en feb-2028 su primera ronda utilizable sigue siendo la que cierre hacia julio de 2028. Tiene via de contacto por la estancia en QIMR Berghofer.
W-0007	BBRF Young Investigator Grant - ciclo 2026	Brain and Behavior Research Foundation	CAREER_DEVELOPMENT	2026-03-04	Ventana estimada de febrero a marzo de 2027; BBRF NO HA PUBLICADO NINGUNA FECHA DE 2027. Se retira el 05-03-2027 de la pasada anterior: era una extrapolacion y ademas cae en viernes, cuando el patron de BBRF es cerrar en miercoles. Ciclo 2026 verificado: 04-02-2026 a 04-03-2026 23:59 ET.	LIKELY para la ventana, UNVERIFIED para la fecha	70000 dolares en dos anos, sin restriccion geografica, con una solicitud corta y dirigida de lleno a la investigacion en trastornos psiquiatricos, que es su linea 2. No puede usarla hasta ocupar un puesto de formacion investigadora con mentor de psiquiatria en el mismo centro, asi que 2029 es el ciclo realista, pero debe estar en el calendario desde el dia en que empiece un posdoc.	3	2026-09-21	https://bbrfoundation.org/grants-prizes/bbrf-young-investigator-grants	Leida hoy la pagina Tier 1 de la BBRF (HTTP 200 por curl): sigue mostrando UNICAMENTE el ciclo 2026 ('The call for 2026 BBRF Young Investigator Grant Applications is now closed'; 'begins on Wednesday, February 4, 2026 and ends on Wednesday, March 4, 2026 at 11:59 PM ET'). NINGUNA fecha de 2027 publicada: se mantiene la ventana estimada de febrero a marzo de 2027 y se mantiene retirado el 05-03-2027 inventado por la siembra. AVISO DE REPROGRAMACION, sin cambios y aun sin verificar en el PDF de bases: fuentes Tier 2 indican que los postdocs de primer ano son inelegibles y que se exige 'M.D. with minimum PGY-IV training' o doctorado mas un puesto de investigacion en marcha; con defensa en febrero de 2028 su primera convocatoria realista seria la de 2029. Pendiente concreto para otra pasada: descargar 'Download 2026 YI Grant Guidelines' desde esa misma pagina y leer la clausula de elegibilidad.
W-0008	Postdoctoral Junior Leader - modalidad Incoming, convocatoria 2027	Fundacion la Caixa	POSTDOC_FELLOWSHIP	2026-07-23	La edicion Incoming en curso cierra PASADO MANANA, el 23-09-2026 a las 14:00 (hora peninsular espanola); abrio el 14-07-2026. La edicion siguiente (convocatoria 2028) deberia abrir hacia mediados de julio de 2027 y cerrar hacia finales de septiembre de 2027: es extrapolacion del patron 14-07 / 23-09, no una fecha publicada.	HIGH para el cierre del 23-09-2026; MEDIUM para la ventana de la edicion 2028, que es extrapolacion	La modalidad Incoming lleva la misma banda de 2 a 7 anos posdoctorales que la Retaining pero restringe las acogidas a centros Severo Ochoa / Maria de Maeztu, institutos de investigacion sanitaria Carlos III y unidades portuguesas de excelencia. Para una candidata basada en Espana la modalidad correcta suele ser la Retaining; la regla de movilidad de la Incoming no se pudo verificar.	3	2026-09-21	https://lacaixafoundation.org/en/postdoctoral-junior-leader-fellowships-incoming-call	DICTAMEN EN FIRME, PARA NO VOLVER A GENERAR FALSA URGENCIA CADA SEPTIEMBRE: ELLA NO PUEDE PRESENTARSE A ESTA EDICION NI A NINGUNA HASTA 2030. La regla es que el doctorado se haya obtenido ENTRE 2 Y 7 ANOS ANTES DE LA FECHA DE CIERRE. Con defensa prevista en febrero de 2028 (ETA), cumple los 2 anos en febrero de 2030, de modo que la primera convocatoria cuyo cierre (finales de septiembre) cae despues de esa fecha es la que cierre en septiembre de 2030, es decir la que la Caixa etiquetaria como convocatoria 2031; el limite superior de 7 anos la deja elegible hasta los cierres de 2034. CORRIGE LA NOTA ANTERIOR, QUE ESTABA MAL: decia 'su primera edicion posible es la convocatoria de 2029 (cierre hacia septiembre de 2028)', y septiembre de 2028 son solo siete meses despues de la defensa, no dos anos. Datos de la edicion en curso: 20 ayudas, hasta 320.100 EUR por un maximo de 3 anos, centros espanoles con sello Severo Ochoa / Maria de Maeztu / ISCIII o centros portugueses con sello FCT, disciplinas STEM, calendario preseleccion 12-01-2027, entrevistas 24-25 de febrero de 2027, resultados 10-03-2027 e incorporacion entre el 01-05-2027 y el 31-12-2027. BLOQUEO NUEVO: hoy lacaixafoundation.org devuelve 403 a curl Y a WebFetch, y fundacionlacaixa.org tambien devuelve 403 al PDF de bases ('junior-leader-incoming-programme-rules-2026-pdf'), asi que el cierre y la regla de 2-7 anos estan confirmados por Tier 2 concordante y no por lectura directa de Tier 1.
W-0009	ISPG Early Career Investigator Program (ECIP) - ayuda de viaje al WCPG	International Society of Psychiatric Genetics	TRAVEL	2026-05-14	Portal de resumenes del WCPG 2027 hacia febrero-marzo de 2027; plazo de resumenes y de ECIP hacia mediados de mayo de 2027; congreso a finales de septiembre o principios de octubre de 2027 (sede sin anunciar)	MEDIUM	Es la ayuda de congreso mejor emparejada de toda la base de datos: el WCPG es EL congreso de su linea principal (GWAS/PRS de trastornos psiquiatricos) y la elegibilidad del ECIP nombra explicitamente a 'graduate student' junto a las posdoctorales, asi que es elegible COMO DOCTORANDA ACTUAL y sigue siendolo hasta unos cinco anos despues del doctorado, o sea hasta ~2033. El plazo de mediados de mayo de 2027 cae dias antes de que acabe su residencia: sincronizacion perfecta para llegar al mercado posdoctoral con un resumen presentado y un premio en el CV.	5	2026-09-21	https://ispg.net/ecip-program/	Sin cambios el 21-09-2026: ispg.net/ecip-program/ responde 200 pero solo sirve la navegacion, sigue rotulada 'Early Career Investigator Program (ECIP) 2026' y no hay rastro del ECIP 2027 ni de sede o fechas del WCPG 2027. La unica reunion futura listada sigue siendo el WCPG 2026 (Glasgow, 29 de septiembre a 3 de octubre de 2026). VENTANA DE VIGILANCIA INMINENTE Y CONCRETA: la sede del congreso siguiente suele anunciarse durante el congreso anterior, asi que la pasada del 5 de octubre de 2026 es la que debe mirar esto con prioridad. Recordatorio del briefing: ispg.net/abstract-submissions/ sirve contenido de 2022, no usarla como fuente de fechas.
W-0010	SRS Trainee Awards del congreso SLEEP (Trainee Merit, Diversity Travel, First-Time Attendee)	Sleep Research Society / congreso SLEEP	TRAVEL	2026-03-16	CONFIRMADO POR LA PROPIA SRS, ya no es extrapolacion: la pagina de Conference Awards dice literalmente 'The application period for SLEEP 2026 is closed. More information regarding the next cycle of the Trainee Awards can be expected in January of 2027.' SLEEP 2027 (41o congreso de la APSS) sigue confirmado en Denver, 5-9 de junio de 2027.	ALTA	Las doctorandas tienen condicion de trainee y son elegibles, asi que son accionables mientras siga siendo estudiante de doctorado. El Trainee Merit Award cubre aproximadamente la matricula de SLEEP y exige membresia vigente de la SRS mas un resumen no tardio; el Diversity Travel Award llega hasta 2000 dolares para matricula, viaje y alojamiento y no declara requisito de membresia, acogiendo explicitamente a trainees de distintos paises, asi que es el objetivo de mejor relacion valor-esfuerzo para una candidata basada en Espana. El Leadership Development Workshop Award solo se convoca en anos impares, es decir en SLEEP 2027, justo su ventana.	3	2026-09-28	https://sleepresearchsociety.org/awards/conference-awards/	Verificado Tier 1 el 2026-09-28 (sleepresearchsociety.org, HTTP 200). Dato nuevo que cierra la fecha: la SRS anuncia informacion del siguiente ciclo en ENERO DE 2027. Detalles VERIFICADOS de elegibilidad y contenido: una sola solicitud cubre Trainee Merit Award, Leadership Development Workshop o Grant Writing Workshop, Diversity Membership Award y SRSF Undergraduate Trainee Travel Scholarship. El Trainee Merit Award exige haber enviado un resumen al congreso (los late-breaking NO valen) y asistir al Trainee Symposia Sunday. El Diversity Travel Award reembolsa hasta 2.000 USD de inscripcion, viaje y alojamiento y admite TODOS los niveles de formacion, citando expresamente 'medical residents' y 'postdoctoral students': ella encaja por doble via (residente MIR hasta el 22-05-2027 y doctoranda). DATO DE CALENDARIO BIENAL NUEVO: el Leadership Development Workshop se celebra en los anos IMPARES y el Grant Writing Workshop en los PARES, asi que en SLEEP 2027 el taller disponible es el de liderazgo, no el de redaccion de proyectos. Los premios se deciden antes del cierre de inscripcion al Trainee Symposia Series, asi que la fecha critica es la del envio de resumenes (esperada a principios de diciembre de 2026), no la del premio.
W-0011	Premio de Investigacion del Instituto de Neurociencias Federico Oloriz (UGR) - edicion 2026	Instituto de Neurociencias Federico Oloriz, Universidad de Granada	PRIZE	2026-06-06	Mayo-junio de 2027 (la edicion 2026 cerro el viernes 05-06-2026), con ventana de solo 30 dias naturales.	LIKELY	Un premio real y de baja competencia al que puede optar COMO DOCTORANDA ACTUAL: la convocatoria admite a quien solo esta matriculada en doctorado, es de ambito nacional y no se restringe a la UGR. 1250 euros mas una conferencia invitada son una linea de CV citable para alguien con un expediente todavia fino, y si alguno de sus dos manuscritos se publica en 2026 quedaria dentro de la ventana elegible de las ediciones de 2027 y 2028.	4	2026-09-21	https://ineurociencias.ugr.es/instituto/noticias/premio-instituto-neurociencias-2026	Comprobado el 21-09-2026 en el indice de noticias del Instituto (ineurociencias.ugr.es/instituto/noticias, HTTP 200): las unicas entradas del premio siguen siendo la CONVOCATORIA 2026 y su RESOLUCION DEFINITIVA; no hay convocatoria 2027 ni anuncio de fechas, que es exactamente lo esperado a estas alturas del ano. Se mantiene la estimacion de mayo-junio de 2027 con ventana de solo 30 dias naturales (la edicion 2026 cerro el viernes 05-06-2026), y por eso esta fila hay que mirarla SIN FALTA en todas las pasadas de abril a junio de 2027: es la que mas facil se escapa. Elegibilidad ya verificada y favorable: 1.250 EUR, premio unico, articulo publicado en 2023-2025 y abierta a PREDOCTORALES matriculadas, o sea que puede optar sin haber defendido. Ver F-0030.
W-0012	Becas de Investigacion de la SES (Sociedad Espanola de Sueno)	Sociedad Espanola de Sueno (SES)	POSTDOC_FELLOWSHIP	2026-01-25	Apertura hacia el 3 de noviembre de 2026 y cierre hacia el 25-01-2027. El patron queda VERIFICADO, no estimado: la ficha de la edicion 2026 esta fechada el 03-11-2025 y sus PDF de bases estan subidos en /wp-content/uploads/2025/11/, con plazo hasta el 25 de enero de 2026.	ALTA	El unico financiador espanol y en castellano para su linea de sueno: hasta 10000 euros por proyecto de un fondo de 20000, mas una beca especial de 10000 para investigadores jovenes, para proyectos de 1 a 3 anos sobre fisiologia o patologia del sueno. Competencia baja en relacion con todo lo demas de esta rama y financiable desde dentro de Espana mientras sigue atada a Malaga.	3	2026-09-28	https://ses.org.es/blog-post/becas-2022-2-5-3-2/	Verificado Tier 1 el 2026-09-28. AVISO IMPORTANTE PARA PASADAS FUTURAS: la web de la SES deja la etiqueta 'CONVOCATORIA ABIERTA' puesta sobre ediciones ya cerradas. Hoy, 2026-09-28, las tres fichas del bloque '2026' (Becas de Investigacion SES, Ayuda para la Investigacion y el Intercambio de Conocimiento, Premio Joaquin Teran y Mari Luz Alonso) siguen marcadas 'CONVOCATORIA ABIERTA' y NINGUNA lo esta: el texto interior dice 'PLAZO DE SOLICITUD: hasta el 25 de enero de 2026'. La etiqueta NO es prueba de apertura; la prueba es la linea de plazo y el ano de la carpeta del PDF de bases. Dotacion VERIFICADA de la edicion 2026: maximo 10.000 EUR por beca, bolsa total de 20.000 EUR mas 10.000 EUR adicionales para una beca especial dirigida a investigadores jovenes (30.000 EUR en total), proyectos de 1 a 3 anos, liderados por socios de la SES y con al menos el 70% de participantes socios: la afiliacion previa a la SES (SUB-0008) es condicion, no un detalle. Bases 2026: https://ses.org.es/wp-content/uploads/2025/11/bases_becas_investigacion_2026-1.pdf. NOTA DE MANTENIMIENTO: W-0012 y W-0017 son la MISMA convocatoria anual en dos filas; conviene fusionarlas. PROPUESTA DE MANTENIMIENTO, no ejecutada: W-0012 y W-0017 son la misma convocatoria anual de la SES, duplicada en la siembra. Lo correcto es fusionarlas en W-0017, pero borrar filas no es trabajo que la rutina haga sin supervision: queda a decision de la duena. Mientras no lo decida, la fila viva a efectos de fechas es W-0017.
W-0013	ESRS Meetings and Courses Fellowship	European Sleep Research Society (ESRS)	CAREER_DEVELOPMENT	2026-01-31	~finales de 2026, con plazo ~31 de enero de 2027	LOW-MEDIUM	Es el instrumento propio de desarrollo de carrera de la ESRS, dirigido explicitamente a 'junior candidates in the early stages of their career in sleep research' y abierto a cientificas y clinicas por igual, lo que encaja con una medica que hace genetica del sueno. Financia asistencia a congresos y cursos.	2	2026-08-31	https://esrs.eu/grants-awards/meetings-and-courses-fellowship/	Sin verificar por CUARTA pasada consecutiva y se toma una decision para dejar de gastar presupuesto: esrs.eu devuelve 403 de forma estable y no se ha reintentado hoy. DECISION: esta fila se declara NO VERIFICABLE POR VIA AUTOMATICA. A partir de ahora no se gastan llamadas en esrs.eu; la fecha se dara por buena solo si aparece en una fuente distinta (boletin de la ESRS, programa del congreso, o la propia duena abriendo la pagina en un navegador). La mejor estimacion disponible sigue siendo un plazo hacia el 31 de enero de 2027 por analogia con el ciclo cerrado el 31-01-2026, leido en cache de buscador y por tanto UNVERIFIED. Fit 2: aunque se verificase, no cambia gran cosa. NOTA: no se toca Last_Checked porque hoy NO se ha comprobado nada.
W-0014	One Mind Rising Star Awards 2026	One Mind	CAREER_DEVELOPMENT	2026-04-27	One Mind sigue sin publicar NINGUNA fecha de 2027. Del ciclo 2026, verificado: cierre el 27-04-2026 a las 21:00 PT y notificacion el 13-08-2026. Por ese patron, la convocatoria de 2027 caeria entre febrero y abril de 2027 con cierre a finales de abril. Es irrelevante: ver la propuesta de retirada.	MEDIA	300000 dolares para investigacion de inicio de carrera en salud mental: la mayor cuantia individual de esta rama y tematicamente en el centro de su linea 2, con atencion especial a la psiquiatria de precision. Merece seguimiento a largo plazo aunque no pueda entrar en muchos anos.	1	2026-09-28	https://onemind.org/what-we-do/one-mind-rising-star-academy/one-mind-rising-star-awards/	PROPUESTA FORMAL DE RETIRADA DE LA ROTACION, con la inelegibilidad ya VERIFICADA en Tier 1 el 2026-09-28 (onemind.org, HTTP 200), palabra por palabra: 'Applicants must be independent investigators (faculty or equivalent) already employed at the rank of Assistant or Associate Professor (or equivalent)', 'Applicants should be within up to 8 years of their initial independent appointment' y, decisivo, 'Pre-doctoral students, postdoctoral fellows, instructor-level faculty, and full professors are not eligible to apply'. Ella es doctoranda con defensa prevista en febrero de 2028 y, despues, sera postdoc: las DOS categorias estan excluidas por nombre. No es una barrera de calendario que se resuelva esperando, sino una barrera estructural de varios anos que ademas exige un puesto de profesorado en una institucion de EE. UU. Fit 1. Se ha gastado presupuesto en ella cuatro pasadas seguidas sin que pueda cambiar nada. RECOMENDACION: sacarla de la watchlist activa y dejar la fila de fellowships (si existe) como fichada para no redescubrirla. Cuota gastada esta pasada: una sola llamada, como estaba indicado.
W-0015	MSCA Postdoctoral Fellowships - convocatoria 2027 (HORIZON-MSCA-2027-PF-01-01) y el acantilado posterior	Comision Europea / REA	Postdoctoral fellowship		Lanzamiento 2027-04-07 y cierre 2027-09-08, ambos marcados TBC en la propia pagina oficial; 388,57 M EUR. Es la ULTIMA convocatoria del marco financiero actual (Horizonte Europa cubre 2021-2027) y no hay certeza de que exista una PF con estas reglas en 2028: dependeria de FP10, sin diseno ni calendario fijados.	LIKELY	Decide si su primera MSCA posible existe siquiera. Con defensa en febrero de 2028 no llega al cierre del 08-09-2027; si adelantara la defensa a antes de esa fecha entraria, porque la regla exige haber defendido y no tener el titulo expedido. Es la unica pieza del radar que puede cambiar el calendario de su tesis.	3	2026-09-21	https://marie-sklodowska-curie-actions.ec.europa.eu/funding/msca-postdoctoral-fellowships-2027	VERIFICADO HOY EN TIER 1 (pagina oficial de la MSCA, HTTP 200 por curl) y sin cambios respecto de la pasada anterior: 'Indicative timeline: 7 April 2027 launch of the call for proposals (TBC); 8 September 2027 deadline for submitting proposals (TBC); February 2028 notification of call results (TBC); April 2028 grant agreement signature (TBC); May 2028 first EU-funded projects start (TBC)'. Presupuesto indicativo 388,57 M EUR (TBC). Todo sigue marcado TBC, por eso la confianza se queda en LIKELY y no sube a VERIFIED para las fechas. SIGUE SIENDO INFERENCIA, no dato oficial, que 2027 sea la ultima convocatoria del marco: procede de Tier 2 (Horizon Europe NCP Portal, enlargement-infohub) y es coherente con que Horizonte Europa cubra 2021-2027, pero no aparece en la pagina oficial. Relevancia para ella: con defensa en febrero de 2028, un cierre en septiembre de 2027 le exigiria presentarse ANTES de doctorarse, cosa que la MSCA PF no permite, luego esta convocatoria le queda fuera salvo que la defensa se adelante; el riesgo real es que no haya PF equivalente en 2028 bajo FP10.
W-0016	EMBO Postdoctoral Fellowships - ronda de otono de 2027	EMBO	Postdoctoral fellowship		Corte el 2027-07-09 a las 14:00 CEST. Los cortes son el 4o viernes de enero y el 2o viernes de julio; el segundo viernes de julio de 2027 es el dia 9.	LIKELY	Es la PRIMERA ronda sin derecho a resolicitud ('Effective from the Autumn 2027 selection round, i.e. for all applications submitted after January 22, 2027, 14:00 CET, re-applications will no longer be permitted'). Solo tendra un disparo en la vida, asi que conviene no gastarlo antes de tener la publicacion resuelta.	4	2026-09-21	https://www.embo.org/funding/fellowships-grants-and-career-support/postdoctoral-fellowships/	Leida hoy la pagina Tier 1 de EMBO (HTTP 200 por curl): 'Applications accepted throughout the year (next cutoff date - hard deadline: Friday 22 January 2027, 14:00 CET)'. Eso confirma la regla del 4o viernes de enero, de modo que el 09-07-2027 (2o viernes de julio) sigue siendo una derivacion aritmetica correcta, pero NO una fecha publicada: EMBO solo publica el corte inmediato. CAMBIO DE REGLA NUEVO Y MUY RELEVANTE, citado literalmente: 'Effective from the Autumn 2027 selection round (i.e., for all applications submitted after January 22, 2027, 14:00 CET), re-applications will no longer be permitted. Researchers may submit only one EMBO Fellowship Proposal.' Es decir, a partir del corte de julio de 2027 solo tendra UN intento en toda su carrera, asi que la solicitud no se puede usar como ensayo. Guidelines vigentes: junio de 2026. El desbloqueo real sigue sin ser la fecha sino la publicacion (ver F-0008).
W-0017	Becas de Investigacion SES - edicion 2027	Sociedad Espanola de Sueno (SES)	Research project grant		Apertura hacia el 3 de noviembre de 2026 y cierre hacia el 25-01-2027, ya con patron VERIFICADO: la ficha de la edicion 2026 esta fechada el 03-11-2025, sus bases estan en /wp-content/uploads/2025/11/ y el plazo fue hasta el 25-01-2026.	ALTA	Su reloj no es el plazo sino la MEMBRESIA: las bases exigen ser socia de la SES desde al menos un ano antes de la convocatoria. Si se da de alta en septiembre de 2026 NO llega a la edicion de 2027 y entra justo para la de 2028. Ademas, en la edicion de enero de 2027 cumpliria exactamente la clausula del medico residente en ultimo ano, y esa coincidencia se pierde por la antiguedad.	4	2026-09-28	https://ses.org.es/becas-y-premios/	Verificado Tier 1 el 2026-09-28 en ses.org.es/profesionales/becas-y-premios/ (HTTP 200; la URL /becas-y-premios/ redirige ahi). La edicion 2027 NO esta publicada todavia: lo ultimo son las tres fichas de 2026, con las etiquetas 'CONVOCATORIA ABIERTA' obsoletas (ver W-0012). El paquete anual de la SES tiene TRES piezas con el mismo calendario, no una: (1) Becas de Investigacion SES, hasta 10.000 EUR por beca con una beca especial de 10.000 EUR para investigadores jovenes; (2) Ayuda para la Investigacion y el Intercambio de Conocimiento, 1.500 EUR para una estancia de 2 meses en un centro de sueno, preferentemente espanol, que es la pieza mas facil de ganar para ella y NO tiene fila propia en fellowships.tsv; (3) Premio al Mejor Trabajo Publicado Joaquin Teran y Mari Luz Alonso, para articulos publicados por socios. Vigilar la web a partir del 1 de noviembre de 2026. W-0012 y W-0017 son la misma convocatoria duplicada: fusionar.
W-0018	Convocatorias anuales de la AEGH (estancia profesional, bolsas de viaje y premio joven)	Asociacion Espanola de Genetica Humana (AEGH)	Travel grants, short stays and prizes		YA HAY UNA REAPERTURA: la Beca Nacional de la AEGH para asistir a la ESHG 2027 se publico el 18-09-2026 y cierra el 15-11-2026 a las 23:59. El resto del paquete anual sigue estimado: premio joven y bolsas de viaje, convocatoria a mediados de enero de 2027 y cierre hacia el 2027-02-15; beca de estancia profesional, convocatoria hacia febrero de 2027 y cierre hacia el 2027-03-31.	HIGH	Tres ayudas distintas de la misma sociedad, todas con competencia LOW o MEDIUM, y todas cerradas por el mismo requisito: 2 anos de antiguedad como socia. Darse de alta ahora las abre a partir de 2028. Es una decision con tres retornos.	3	2026-09-28	https://aegh.org/blog-2/	Verificado Tier 1 el 2026-09-28 (aegh.org/blog-2/, HTTP 200). Sin novedades desde la pasada anterior: la entrada mas reciente de ayudas y becas sigue siendo la del 18-09-2026, la Beca Nacional para asistir a la ESHG 2027 (Rotterdam, 12-15 de junio de 2027), ya fichada como F-0064 con cierre el 15-11-2026. Las entradas posteriores del blog son de bolsa de trabajo y de cursos, no de convocatorias de ayudas. El resto del paquete anual (Premio Joven en Investigacion F-0042, Bolsas de Viaje F-0043 y Beca de Estancia Profesional F-0041) sigue sin publicar: estimacion sin cambios, premio joven y bolsas de viaje hacia mediados de enero de 2027 con cierre ~15-02-2027, y estancia profesional hacia febrero de 2027 con cierre ~31-03-2027.
W-0019	Convocatorias anuales de la SENC (travel grants y premio Rita Levi-Montalcini)	Sociedad Espanola de Neurociencia (SENC)	Travel grants and student prize		Calendario de travel grants de 2027 hacia finales de diciembre de 2026: patron VERIFICADO, el calendario de 2026 esta subido en /wp-content/uploads/2025/12/. Las convocatorias de premios (Rita Levi-Montalcini y Tatiana Foundation Young Investigator Award) siguen mostrando las bases de 2025, subidas en /2025/04/: son bienales y van pegadas al congreso de la SENC, asi que la siguiente edicion es hacia abril de 2027, con el congreso SENC 2027.	ALTA	El premio Rita Levi-Montalcini esta RESERVADO A DOCTORANDAS y el bienal de 2027 caeria hacia septiembre de 2027, con ella todavia predoctoral: es probablemente su ultima ventana. Las travel grants, en cambio, exigen 2 anos de antiguedad como socia y no las alcanza hasta agosto de 2028.	4	2026-09-28	https://www.senc.es/ayudas-de-la-senc/	Verificado Tier 1 el 2026-09-28 (senc.es/ayudas-de-la-senc/, HTTP 200). Nada de 2027 publicado aun: los PDF mas recientes de la pagina son de /2026/07/ (resultado de los SENC-J Ambassadors) y todo el ciclo 2026 de ayudas de viaje ya esta resuelto (resolucion FENS en /2026/04/, resolucion SfN en /2026/05/). DATO NUEVO IMPORTANTE: los dos premios (Rita Levi-Montalcini, F-0039, y Tatiana YIA, F-0060) siguen enlazando las bases de 2025 y su calendario de awards tambien es de 2025, lo que confirma que son BIENALES y ligados al congreso bienal de la SENC (anos impares); su reapertura toca hacia abril de 2027, no en 2026. Las ayudas de viaje, en cambio, son anuales: calendario en diciembre, FENS/ENCODS cerrando el 31 de enero y SfN abriendo el 10 de abril. Condicion transversal: hay que ser socia de la SENC (SUB-0003) y el PDF 'Requisitos para solicitudes de ayudas y becas' (SRC-0166) exige antiguedad como socia, asi que el alta no puede esperar a diciembre.
W-0020	Contratos postdoctorales de la Junta de Andalucia (Linea 2, EIDIA) - edicion 2027	Consejeria de Universidad, Investigacion e Innovacion - Junta de Andalucia	Regional postdoctoral contract		Apertura hacia el 2026-12-20 y cierre hacia el 2027-01-28. El patron oscila entre diciembre y febrero (Res. 17-12-2025 para la edicion 2026; Res. 21-02-2024 para la de 2024).	MEDIUM	Es la unica via autonomica sin requisito de movilidad exterior, y por tanto la unica compatible con su historial. La edicion decisiva para ella es la de enero de 2029; la de enero de 2028 cae semanas antes de su defensa prevista y la pierde por muy poco.	4	2026-09-21	https://www.juntadeandalucia.es/boja/	Comprobado el 21-09-2026 sin resultado util y con un bloqueo NUEVO que conviene registrar: el buscador del BOJA (juntadeandalucia.es/boja/buscador/) responde 200 pero devuelve solo el armazon de la pagina cuando se le pasa la consulta por GET, es decir la busqueda se ejecuta por POST o por JavaScript y NO es utilizable desde linea de comandos; y juntadeandalucia.es/boja/2026/ es solo un indice de boletines por fecha, sin busqueda por texto. Es decir, el BOJA es HTML plano para leer un boletin concreto, pero NO para buscar. VIA RECOMENDADA PARA LA PASADA DE DICIEMBRE: ir al indice de boletines por fecha del BOJA en los dias habiles alrededor del 17-22 de diciembre de 2026, o buscar el extracto en la BDNS. Nada ha cambiado en la estimacion: apertura hacia el 2026-12-20 y cierre hacia el 2027-01-28 (Res. 17-12-2025 para la edicion 2026, extracto en BOJA num. 246 de 23-12-2025; Res. 21-02-2024 para la de 2024). Sigue pendiente extraer de la Orden de bases de 24-10-2023 la ventana de anos post-doctorado, que es el dato que falta para puntuar bien F-0052.
W-0021	Ayudas a Proyectos de la Fundacion Alicia Koplowitz - convocatoria 2027	Fundacion Alicia Koplowitz	Research project grant		Bases hacia enero de 2027 y cierre hacia el 30-04-2027; patron VERIFICADO, las bases de la convocatoria 2026 estan subidas en /wp-content/uploads/2026/01/Bases_Ayudas-Proyectos_2026.pdf.	ALTA	El encaje tematico con neurociencias infanto-juveniles es de los mejores de la base, pero la clausula 'El investigador Principal no podra estar cursando la residencia MIR ni PIR' la deja fuera como IP en 2027, con el MIR vivo hasta el 22-05-2027. Su primera edicion como IP es la de 2028. Puede entrar como colaboradora en 2027.	3	2026-09-28	https://fundacionaliciakoplowitz.org/lineas-de-accion/ayudas-investigacion/	Verificado Tier 1 el 2026-09-28 (fundacionaliciakoplowitz.org, HTTP 200). La pagina de Ayudas a la Investigacion sigue mostrando UNICAMENTE 'Ayudas a Proyectos de Investigacion 2026' con sus bases y formulario; no hay rastro de la convocatoria 2027. Confirmado el patron de publicacion en enero (bases de 2026 en la carpeta /2026/01/). Contexto de competencia que ya consta: en la XI convocatoria se recibieron 99 solicitudes. Revisar de nuevo a partir de la primera semana de enero de 2027.
W-0022	Becas Fulbright-Fundacion Seneca de investigacion postdoctoral en EE. UU. - proxima edicion (IV convocatoria, curso 2028-2029)	Fundacion Seneca (Region de Murcia) y Comision Fulbright Espana	Bilateral postdoctoral fellowship		RESUELTO: la III convocatoria SI abrio, el 13-04-2026, y cierra el 02-10-2026 (ver F-0054, actualizada). La estimacion de 'septiembre de 2026' era erronea: venia del calendario de la I convocatoria (que se abrio el 3 de septiembre) y el programa se ha movido a una ventana abril-octubre. Por ese patron, la IV convocatoria (curso 2028-2029) deberia abrir hacia abril de 2027 y cerrar hacia los primeros dias de octubre de 2027.	ALTA	Estancia postdoctoral libre en EE. UU. de 9 a 12 meses con 3.200 EUR/mes y visado J gestionado por Fulbright: seria un vehiculo excelente para una estancia de genetica estadistica en un grupo estadounidense. Pero el esquema esta cerrado por dos condiciones que hoy no cumple, y una de ellas (vinculacion contractual con la Region de Murcia) no se resuelve sola: hay que decidir si se trabaja con dos anos de antelacion.	2	2026-09-28	https://fulbright.es/programas-y-becas/becas-para-espanoles/investigacion-postdoctoral/	Verificado Tier 1 el 2026-09-28 en la ficha de la Comision Fulbright Espana: plazo del 13-04-2026 al 02-10-2026, hasta 3 ayudas, 9-12 meses, disfrute entre el 01-06-2027 y el 31-12-2028, 3.200 EUR/mes mas 1.200 EUR de viaje. Requisitos VERIFICADOS que la dejan fuera: titulo de doctor posterior al 01-01-2013 (ella defiende en febrero de 2028) y vinculacion funcionarial o contractual con universidades u organismos de investigacion de la Region de Murcia (ella esta contratada en Malaga; la matricula de doctorado en la Universidad de Murcia no cuenta). Tambien: nacionalidad espanola sin doble nacionalidad de EE. UU., ingles avanzado, sin visado J en los dos anos previos, y carta de invitacion previa obligatoria. CORRECCION DE RUTA: fseneca.es no publica pagina de detalle de sus convocatorias (la pagina entera tiene 2 hrefs); la fuente que si funciona es fulbright.es. Sesion informativa de esta edicion: 11-09-2026. Ni la edicion que cierre en octubre de 2027 le sirve (no tendra el titulo); la primera viable es la de octubre de 2028.
W-0023	Beca Internacional de Intercambio Cientifico Profesional (Fundacion Jose Luis Castano - SEMEDLAB) - edicion 2027	Fundacion Jose Luis Castano (SEQC/SEMEDLAB)	Beca de estancia corta / intercambio profesional		Bases hacia julio de 2027 y cierre el 30-09-2027, con estancia entre marzo de 2028 y marzo de 2029	MEDIA	Es el plan B explicito de F-0037, que cierra el 30-09-2026 y depende de que SEMEDLAB confirme el alta en 48 horas. Si no llega a tiempo, la fila NO debe quedarse vencida en silencio: la edicion 2027 la encuentra ya con la membresia hecha y con mas de un ano de antiguedad, y ademas con el MIR terminado (22-05-2027), lo que elimina el problema de permiso para una estancia de hasta 3 meses. Es el mismo instrumento, Fit 4 y competencia LOW: cinco becas sobre el pool estrecho de socios de SEMEDLAB.	4	2026-09-28	https://www.fundacionjlc.es/becapremio-convocado/beca-internacional-de-intercambio-cientifico-profesional-2026/	Patron de calendario: los anexos de la edicion 2026 estan alojados en /wp-content/uploads/2025/07/, es decir bases publicadas en julio del ano anterior al cierre, y cierre el 30 de septiembre. De ahi la estimacion de julio-septiembre de 2027; es extrapolacion de UNA sola edicion observada, no una fecha publicada. Vigilar el indice de convocatorias (SRC-0093) desde junio de 2027.
W-0024	Ayudas para Tesis Doctoral a Profesionales Jovenes menores de 40 anos (Fundacion Jose Luis Castano - SEMEDLAB) - edicion 2027	Fundacion Jose Luis Castano (SEQC/SEMEDLAB)	Ayuda a tesis doctoral	2026-05-15	Cierre hacia el 15-05-2027 (bases previsiblemente publicadas en marzo-abril de 2027)	MEDIA	7.500 EUR/ano hasta 15.000 EUR por ayuda, 4 ayudas, y un pool de candidatas limitado a especialistas del Laboratorio Clinico menores de 40 anos socias de SEMEDLAB: competencia LOW y dinero nada pequeno para una tesis en marcha. El dato nuevo que la hace urgente es el reloj: exige 1 ano de antiguedad como socia de SEMEDLAB, asi que un alta el 28-09-2026 NO alcanza para el 15-05-2027 y su primera edicion elegible es la de 2028. Se aparca aqui para que el reloj quede escrito y no se vuelva a perder.	3	2026-09-28	https://www.fundacionjlc.es/becapremio-convocado/ayudas-para-tesis-doctoral-a-profesionales-jovenes-menores-de-40-anos-2026/	Plazo de la edicion 2026 verificado Tier 1 el 2026-09-28 (15 de mayo de 2026), que era el hueco que arrastraba F-0044 desde agosto. La fecha de 2027 es extrapolacion del patron de una edicion. Los anexos de 2026 estan en /wp-content/uploads/2025/05/ y el check list en /uploads/2026/03/, lo que sugiere que la documentacion de cada edicion se sube entre marzo y mayo.
